Time	PID	%CPU	MEM(MB)	GPU_Load(%)	VRAM_Usage(MB)	Command
2024-05-21T19:27:35	71233	355	502.75	0	 8	/home/lytvyn/miniconda3/envs/fl_env/bin/flower-superlink
2024-05-21T19:27:35	71330	0.0	13.75	0	 8	/home/lytvyn/miniconda3/envs/fl_env/bin/flower-client-app
2024-05-21T19:27:36	71233	236	502.75	0	 8	/home/lytvyn/miniconda3/envs/fl_env/bin/flower-superlink
2024-05-21T19:27:36	71330	635	400.824	0	 8	/home/lytvyn/miniconda3/envs/fl_env/bin/flower-client-app
2024-05-21T19:27:36	71376	428	390.277	0	 8	/home/lytvyn/miniconda3/envs/fl_env/bin/flower-client-app
2024-05-21T19:27:36	71410	345	359.934	0	 8	/home/lytvyn/miniconda3/envs/fl_env/bin/flower-client-app
2024-05-21T19:27:36	71233	326	327.023	0	 8	/home/lytvyn/miniconda3/envs/fl_env/bin/flower-server-app
2024-05-21T19:27:37	71233	178	503	0	 8	/home/lytvyn/miniconda3/envs/fl_env/bin/flower-superlink
2024-05-21T19:27:37	71330	351	503.375	0	 8	/home/lytvyn/miniconda3/envs/fl_env/bin/flower-client-app
2024-05-21T19:27:37	71376	345	502.48	0	 8	/home/lytvyn/miniconda3/envs/fl_env/bin/flower-client-app
2024-05-21T19:27:37	71410	341	502.738	0	 8	/home/lytvyn/miniconda3/envs/fl_env/bin/flower-client-app
2024-05-21T19:27:37	71233	341	495.266	0	 8	/home/lytvyn/miniconda3/envs/fl_env/bin/flower-server-app
2024-05-21T19:27:38	71233	142	503	0	 11	/home/lytvyn/miniconda3/envs/fl_env/bin/flower-superlink
2024-05-21T19:27:38	71330	234	503.375	0	 11	/home/lytvyn/miniconda3/envs/fl_env/bin/flower-client-app
2024-05-21T19:27:38	71376	230	502.48	0	 11	/home/lytvyn/miniconda3/envs/fl_env/bin/flower-client-app
2024-05-21T19:27:38	71410	228	502.738	0	 11	/home/lytvyn/miniconda3/envs/fl_env/bin/flower-client-app
2024-05-21T19:27:38	71233	255	678.465	0	 11	/home/lytvyn/miniconda3/envs/fl_env/bin/flower-server-app
2024-05-21T19:27:39	71233	118	503	0	 11	/home/lytvyn/miniconda3/envs/fl_env/bin/flower-superlink
2024-05-21T19:27:39	71330	176	503.375	0	 11	/home/lytvyn/miniconda3/envs/fl_env/bin/flower-client-app
2024-05-21T19:27:39	71376	173	502.48	0	 11	/home/lytvyn/miniconda3/envs/fl_env/bin/flower-client-app
2024-05-21T19:27:39	71410	171	502.738	0	 11	/home/lytvyn/miniconda3/envs/fl_env/bin/flower-client-app
2024-05-21T19:27:39	71233	191	678.465	0	 11	/home/lytvyn/miniconda3/envs/fl_env/bin/flower-server-app
2024-05-21T19:27:40	71233	101	503	0	 11	/home/lytvyn/miniconda3/envs/fl_env/bin/flower-superlink
2024-05-21T19:27:40	71330	141	503.375	0	 11	/home/lytvyn/miniconda3/envs/fl_env/bin/flower-client-app
2024-05-21T19:27:40	71376	138	502.48	0	 11	/home/lytvyn/miniconda3/envs/fl_env/bin/flower-client-app
2024-05-21T19:27:40	71410	142	545.898	0	 11	/home/lytvyn/miniconda3/envs/fl_env/bin/flower-client-app
2024-05-21T19:27:40	71233	153	678.465	0	 11	/home/lytvyn/miniconda3/envs/fl_env/bin/flower-server-app
2024-05-21T19:27:41	71233	89.2	505.75	0	 3408	/home/lytvyn/miniconda3/envs/fl_env/bin/flower-superlink
2024-05-21T19:27:41	71330	117	503.375	0	 3408	/home/lytvyn/miniconda3/envs/fl_env/bin/flower-client-app
2024-05-21T19:27:41	71376	115	502.48	0	 3408	/home/lytvyn/miniconda3/envs/fl_env/bin/flower-client-app
2024-05-21T19:27:41	71410	130	863.398	0	 3408	/home/lytvyn/miniconda3/envs/fl_env/bin/flower-client-app
2024-05-21T19:27:41	71233	132	900.965	0	 3408	/home/lytvyn/miniconda3/envs/fl_env/bin/flower-server-app
2024-05-21T19:27:42	71233	79.4	508.5	0	 3428	/home/lytvyn/miniconda3/envs/fl_env/bin/flower-superlink
2024-05-21T19:27:42	71330	101	503.375	0	 3428	/home/lytvyn/miniconda3/envs/fl_env/bin/flower-client-app
2024-05-21T19:27:42	71376	99.1	502.48	0	 3428	/home/lytvyn/miniconda3/envs/fl_env/bin/flower-client-app
2024-05-21T19:27:42	71410	111	863.398	0	 3428	/home/lytvyn/miniconda3/envs/fl_env/bin/flower-client-app
2024-05-21T19:27:42	71233	120	1020.46	0	 3428	/home/lytvyn/miniconda3/envs/fl_env/bin/flower-server-app
2024-05-21T19:27:43	71233	71.7	512	0	 3428	/home/lytvyn/miniconda3/envs/fl_env/bin/flower-superlink
2024-05-21T19:27:43	71330	95.0	550.137	0	 3428	/home/lytvyn/miniconda3/envs/fl_env/bin/flower-client-app
2024-05-21T19:27:43	71376	92.5	549.469	0	 3428	/home/lytvyn/miniconda3/envs/fl_env/bin/flower-client-app
2024-05-21T19:27:43	71410	97.7	863.398	0	 3428	/home/lytvyn/miniconda3/envs/fl_env/bin/flower-client-app
2024-05-21T19:27:43	71233	105	1020.46	0	 3428	/home/lytvyn/miniconda3/envs/fl_env/bin/flower-server-app
2024-05-21T19:27:44	71233	65.1	512.25	0	 5801	/home/lytvyn/miniconda3/envs/fl_env/bin/flower-superlink
2024-05-21T19:27:44	71330	95.8	894.887	0	 5801	/home/lytvyn/miniconda3/envs/fl_env/bin/flower-client-app
2024-05-21T19:27:44	71376	93.6	881.469	0	 5801	/home/lytvyn/miniconda3/envs/fl_env/bin/flower-client-app
2024-05-21T19:27:44	71410	91.8	879.648	0	 5801	/home/lytvyn/miniconda3/envs/fl_env/bin/flower-client-app
2024-05-21T19:27:44	71233	93.8	1020.46	0	 5801	/home/lytvyn/miniconda3/envs/fl_env/bin/flower-server-app
2024-05-21T19:27:45	71233	59.7	512.25	0	 5825	/home/lytvyn/miniconda3/envs/fl_env/bin/flower-superlink
2024-05-21T19:27:45	71330	97.1	1046.37	0	 5825	/home/lytvyn/miniconda3/envs/fl_env/bin/flower-client-app
2024-05-21T19:27:45	71376	95.2	981.223	0	 5825	/home/lytvyn/miniconda3/envs/fl_env/bin/flower-client-app
2024-05-21T19:27:45	71410	93.6	948.668	0	 5825	/home/lytvyn/miniconda3/envs/fl_env/bin/flower-client-app
2024-05-21T19:27:45	71233	84.5	1020.46	0	 5825	/home/lytvyn/miniconda3/envs/fl_env/bin/flower-server-app
2024-05-21T19:27:46	71233	55.1	512.25	87	 5909	/home/lytvyn/miniconda3/envs/fl_env/bin/flower-superlink
2024-05-21T19:27:46	71330	98.3	1102.87	87	 5909	/home/lytvyn/miniconda3/envs/fl_env/bin/flower-client-app
2024-05-21T19:27:46	71376	96.2	1100.72	87	 5909	/home/lytvyn/miniconda3/envs/fl_env/bin/flower-client-app
2024-05-21T19:27:46	71410	94.8	1105.41	87	 5909	/home/lytvyn/miniconda3/envs/fl_env/bin/flower-client-app
2024-05-21T19:27:46	71233	76.8	1020.46	87	 5909	/home/lytvyn/miniconda3/envs/fl_env/bin/flower-server-app
2024-05-21T19:27:47	71233	51.2	512.25	93	 5909	/home/lytvyn/miniconda3/envs/fl_env/bin/flower-superlink
2024-05-21T19:27:47	71330	99.2	1103.37	93	 5909	/home/lytvyn/miniconda3/envs/fl_env/bin/flower-client-app
2024-05-21T19:27:47	71376	97.6	1100.72	93	 5909	/home/lytvyn/miniconda3/envs/fl_env/bin/flower-client-app
2024-05-21T19:27:47	71410	96.0	1105.91	93	 5909	/home/lytvyn/miniconda3/envs/fl_env/bin/flower-client-app
2024-05-21T19:27:47	71233	70.4	1020.46	93	 5909	/home/lytvyn/miniconda3/envs/fl_env/bin/flower-server-app
2024-05-21T19:27:48	71233	47.8	512.25	93	 5909	/home/lytvyn/miniconda3/envs/fl_env/bin/flower-superlink
2024-05-21T19:27:48	71330	99.5	1103.62	93	 5909	/home/lytvyn/miniconda3/envs/fl_env/bin/flower-client-app
2024-05-21T19:27:48	71376	98.0	1100.72	93	 5909	/home/lytvyn/miniconda3/envs/fl_env/bin/flower-client-app
2024-05-21T19:27:48	71410	96.2	1105.91	93	 5909	/home/lytvyn/miniconda3/envs/fl_env/bin/flower-client-app
2024-05-21T19:27:48	71233	65.0	1020.46	93	 5909	/home/lytvyn/miniconda3/envs/fl_env/bin/flower-server-app
2024-05-21T19:27:49	71233	44.8	512.25	93	 5909	/home/lytvyn/miniconda3/envs/fl_env/bin/flower-superlink
2024-05-21T19:27:49	71330	99.7	1103.62	93	 5909	/home/lytvyn/miniconda3/envs/fl_env/bin/flower-client-app
2024-05-21T19:27:49	71376	98.3	1100.72	93	 5909	/home/lytvyn/miniconda3/envs/fl_env/bin/flower-client-app
2024-05-21T19:27:49	71410	96.5	1105.91	93	 5909	/home/lytvyn/miniconda3/envs/fl_env/bin/flower-client-app
2024-05-21T19:27:49	71233	60.3	1020.46	93	 5909	/home/lytvyn/miniconda3/envs/fl_env/bin/flower-server-app
2024-05-21T19:27:50	71233	42.2	512.25	94	 5909	/home/lytvyn/miniconda3/envs/fl_env/bin/flower-superlink
2024-05-21T19:27:50	71330	100	1103.62	94	 5909	/home/lytvyn/miniconda3/envs/fl_env/bin/flower-client-app
2024-05-21T19:27:50	71376	98.5	1101.22	94	 5909	/home/lytvyn/miniconda3/envs/fl_env/bin/flower-client-app
2024-05-21T19:27:50	71410	97.2	1105.91	94	 5909	/home/lytvyn/miniconda3/envs/fl_env/bin/flower-client-app
2024-05-21T19:27:50	71233	56.3	1020.46	94	 5909	/home/lytvyn/miniconda3/envs/fl_env/bin/flower-server-app
2024-05-21T19:27:51	71233	39.9	512.25	93	 5909	/home/lytvyn/miniconda3/envs/fl_env/bin/flower-superlink
2024-05-21T19:27:51	71330	100	1103.62	93	 5909	/home/lytvyn/miniconda3/envs/fl_env/bin/flower-client-app
2024-05-21T19:27:51	71376	99.4	1101.47	93	 5909	/home/lytvyn/miniconda3/envs/fl_env/bin/flower-client-app
2024-05-21T19:27:51	71410	97.8	1105.91	93	 5909	/home/lytvyn/miniconda3/envs/fl_env/bin/flower-client-app
2024-05-21T19:27:51	71233	52.8	1020.46	93	 5909	/home/lytvyn/miniconda3/envs/fl_env/bin/flower-server-app
2024-05-21T19:27:52	71233	37.8	512.25	95	 5909	/home/lytvyn/miniconda3/envs/fl_env/bin/flower-superlink
2024-05-21T19:27:52	71330	101	1103.62	95	 5909	/home/lytvyn/miniconda3/envs/fl_env/bin/flower-client-app
2024-05-21T19:27:52	71376	99.9	1101.72	95	 5909	/home/lytvyn/miniconda3/envs/fl_env/bin/flower-client-app
2024-05-21T19:27:52	71410	98.3	1105.91	95	 5909	/home/lytvyn/miniconda3/envs/fl_env/bin/flower-client-app
2024-05-21T19:27:52	71233	49.7	1020.46	95	 5909	/home/lytvyn/miniconda3/envs/fl_env/bin/flower-server-app
2024-05-21T19:27:53	71233	35.9	512.25	93	 5909	/home/lytvyn/miniconda3/envs/fl_env/bin/flower-superlink
2024-05-21T19:27:53	71330	100	1103.62	93	 5909	/home/lytvyn/miniconda3/envs/fl_env/bin/flower-client-app
2024-05-21T19:27:53	71376	99.3	1101.97	93	 5909	/home/lytvyn/miniconda3/envs/fl_env/bin/flower-client-app
2024-05-21T19:27:53	71410	98.0	1106.41	93	 5909	/home/lytvyn/miniconda3/envs/fl_env/bin/flower-client-app
2024-05-21T19:27:53	71233	47.0	1020.46	93	 5909	/home/lytvyn/miniconda3/envs/fl_env/bin/flower-server-app
2024-05-21T19:27:54	71233	34.2	512.25	93	 5909	/home/lytvyn/miniconda3/envs/fl_env/bin/flower-superlink
2024-05-21T19:27:54	71330	100	1103.62	93	 5909	/home/lytvyn/miniconda3/envs/fl_env/bin/flower-client-app
2024-05-21T19:27:54	71376	99.3	1101.97	93	 5909	/home/lytvyn/miniconda3/envs/fl_env/bin/flower-client-app
2024-05-21T19:27:54	71410	98.1	1106.41	93	 5909	/home/lytvyn/miniconda3/envs/fl_env/bin/flower-client-app
2024-05-21T19:27:54	71233	44.5	1020.46	93	 5909	/home/lytvyn/miniconda3/envs/fl_env/bin/flower-server-app
2024-05-21T19:27:55	71233	32.7	512.25	93	 5909	/home/lytvyn/miniconda3/envs/fl_env/bin/flower-superlink
2024-05-21T19:27:55	71330	100	1103.62	93	 5909	/home/lytvyn/miniconda3/envs/fl_env/bin/flower-client-app
2024-05-21T19:27:55	71376	99.6	1102.47	93	 5909	/home/lytvyn/miniconda3/envs/fl_env/bin/flower-client-app
2024-05-21T19:27:55	71410	98.4	1106.41	93	 5909	/home/lytvyn/miniconda3/envs/fl_env/bin/flower-client-app
2024-05-21T19:27:55	71233	42.3	1020.46	93	 5909	/home/lytvyn/miniconda3/envs/fl_env/bin/flower-server-app
2024-05-21T19:27:56	71233	31.3	513.25	67	 5909	/home/lytvyn/miniconda3/envs/fl_env/bin/flower-superlink
2024-05-21T19:27:56	71330	100	1103.36	67	 5909	/home/lytvyn/miniconda3/envs/fl_env/bin/flower-client-app
2024-05-21T19:27:56	71376	99.7	1102.47	67	 5909	/home/lytvyn/miniconda3/envs/fl_env/bin/flower-client-app
2024-05-21T19:27:56	71410	98.3	1106.41	67	 5909	/home/lytvyn/miniconda3/envs/fl_env/bin/flower-client-app
2024-05-21T19:27:56	71233	40.2	1020.46	67	 5909	/home/lytvyn/miniconda3/envs/fl_env/bin/flower-server-app
2024-05-21T19:27:57	71233	30.0	515.75	0	 5909	/home/lytvyn/miniconda3/envs/fl_env/bin/flower-superlink
2024-05-21T19:27:57	71330	95.5	1103.36	0	 5909	/home/lytvyn/miniconda3/envs/fl_env/bin/flower-client-app
2024-05-21T19:27:57	71376	95.2	1102.47	0	 5909	/home/lytvyn/miniconda3/envs/fl_env/bin/flower-client-app
2024-05-21T19:27:57	71410	93.9	1106.41	0	 5909	/home/lytvyn/miniconda3/envs/fl_env/bin/flower-client-app
2024-05-21T19:27:57	71233	40.4	1030.02	0	 5909	/home/lytvyn/miniconda3/envs/fl_env/bin/flower-server-app
2024-05-21T19:27:58	71233	28.9	515.75	0	 5909	/home/lytvyn/miniconda3/envs/fl_env/bin/flower-superlink
2024-05-21T19:27:58	71330	91.4	1103.36	0	 5909	/home/lytvyn/miniconda3/envs/fl_env/bin/flower-client-app
2024-05-21T19:27:58	71376	91.2	1102.47	0	 5909	/home/lytvyn/miniconda3/envs/fl_env/bin/flower-client-app
2024-05-21T19:27:58	71410	89.8	1106.41	0	 5909	/home/lytvyn/miniconda3/envs/fl_env/bin/flower-client-app
2024-05-21T19:27:58	71233	38.6	1030.02	0	 5909	/home/lytvyn/miniconda3/envs/fl_env/bin/flower-server-app
2024-05-21T19:28:00	71233	27.8	515.75	2	 5909	/home/lytvyn/miniconda3/envs/fl_env/bin/flower-superlink
2024-05-21T19:28:00	71330	89.0	1105.61	2	 5909	/home/lytvyn/miniconda3/envs/fl_env/bin/flower-client-app
2024-05-21T19:28:00	71376	88.2	1104.72	2	 5909	/home/lytvyn/miniconda3/envs/fl_env/bin/flower-client-app
2024-05-21T19:28:00	71410	87.1	1108.66	2	 5909	/home/lytvyn/miniconda3/envs/fl_env/bin/flower-client-app
2024-05-21T19:28:00	71233	37.0	1030.02	2	 5909	/home/lytvyn/miniconda3/envs/fl_env/bin/flower-server-app
2024-05-21T19:28:01	71233	26.8	515.75	0	 5909	/home/lytvyn/miniconda3/envs/fl_env/bin/flower-superlink
2024-05-21T19:28:01	71330	85.6	1109.11	0	 5909	/home/lytvyn/miniconda3/envs/fl_env/bin/flower-client-app
2024-05-21T19:28:01	71376	85.3	1108.72	0	 5909	/home/lytvyn/miniconda3/envs/fl_env/bin/flower-client-app
2024-05-21T19:28:01	71410	84.1	1112.91	0	 5909	/home/lytvyn/miniconda3/envs/fl_env/bin/flower-client-app
2024-05-21T19:28:01	71233	35.6	1030.02	0	 5909	/home/lytvyn/miniconda3/envs/fl_env/bin/flower-server-app
2024-05-21T19:28:02	71233	25.9	515.75	0	 5909	/home/lytvyn/miniconda3/envs/fl_env/bin/flower-superlink
2024-05-21T19:28:02	71330	82.4	1109.11	0	 5909	/home/lytvyn/miniconda3/envs/fl_env/bin/flower-client-app
2024-05-21T19:28:02	71376	82.0	1108.72	0	 5909	/home/lytvyn/miniconda3/envs/fl_env/bin/flower-client-app
2024-05-21T19:28:02	71410	80.8	1112.91	0	 5909	/home/lytvyn/miniconda3/envs/fl_env/bin/flower-client-app
2024-05-21T19:28:02	71233	34.3	1030.02	0	 5909	/home/lytvyn/miniconda3/envs/fl_env/bin/flower-server-app
2024-05-21T19:28:03	71233	25.1	515.75	0	 5909	/home/lytvyn/miniconda3/envs/fl_env/bin/flower-superlink
2024-05-21T19:28:03	71330	79.6	1109.61	0	 5909	/home/lytvyn/miniconda3/envs/fl_env/bin/flower-client-app
2024-05-21T19:28:03	71376	79.0	1108.72	0	 5909	/home/lytvyn/miniconda3/envs/fl_env/bin/flower-client-app
2024-05-21T19:28:03	71410	78.0	1112.91	0	 5909	/home/lytvyn/miniconda3/envs/fl_env/bin/flower-client-app
2024-05-21T19:28:03	71233	33.0	1030.02	0	 5909	/home/lytvyn/miniconda3/envs/fl_env/bin/flower-server-app
2024-05-21T19:28:04	71233	23.4	515.75	0	 5909	/home/lytvyn/miniconda3/envs/fl_env/bin/flower-superlink
2024-05-21T19:28:04	71330	77.6	1133.51	0	 5909	/home/lytvyn/miniconda3/envs/fl_env/bin/flower-client-app
2024-05-21T19:28:04	71376	77.1	1129.92	0	 5909	/home/lytvyn/miniconda3/envs/fl_env/bin/flower-client-app
2024-05-21T19:28:04	71410	76.1	1151.3	0	 5909	/home/lytvyn/miniconda3/envs/fl_env/bin/flower-client-app
2024-05-21T19:28:04	71233	30.7	1030.02	0	 5909	/home/lytvyn/miniconda3/envs/fl_env/bin/flower-server-app
2024-05-21T19:28:05	71233	22.7	515.75	93	 5909	/home/lytvyn/miniconda3/envs/fl_env/bin/flower-superlink
2024-05-21T19:28:05	71330	78.3	1161.76	93	 5909	/home/lytvyn/miniconda3/envs/fl_env/bin/flower-client-app
2024-05-21T19:28:05	71376	77.8	1158.92	93	 5909	/home/lytvyn/miniconda3/envs/fl_env/bin/flower-client-app
2024-05-21T19:28:05	71410	76.9	1162.8	93	 5909	/home/lytvyn/miniconda3/envs/fl_env/bin/flower-client-app
2024-05-21T19:28:05	71233	29.7	1030.02	93	 5909	/home/lytvyn/miniconda3/envs/fl_env/bin/flower-server-app
2024-05-21T19:28:06	71233	22.0	515.75	93	 5909	/home/lytvyn/miniconda3/envs/fl_env/bin/flower-superlink
2024-05-21T19:28:06	71330	78.9	1161.76	93	 5909	/home/lytvyn/miniconda3/envs/fl_env/bin/flower-client-app
2024-05-21T19:28:06	71376	78.3	1158.92	93	 5909	/home/lytvyn/miniconda3/envs/fl_env/bin/flower-client-app
2024-05-21T19:28:06	71410	77.5	1162.8	93	 5909	/home/lytvyn/miniconda3/envs/fl_env/bin/flower-client-app
2024-05-21T19:28:06	71233	28.8	1030.02	93	 5909	/home/lytvyn/miniconda3/envs/fl_env/bin/flower-server-app
2024-05-21T19:28:07	71233	21.4	515.75	93	 5909	/home/lytvyn/miniconda3/envs/fl_env/bin/flower-superlink
2024-05-21T19:28:07	71330	79.5	1161.76	93	 5909	/home/lytvyn/miniconda3/envs/fl_env/bin/flower-client-app
2024-05-21T19:28:07	71376	79.0	1158.92	93	 5909	/home/lytvyn/miniconda3/envs/fl_env/bin/flower-client-app
2024-05-21T19:28:07	71410	78.2	1163.3	93	 5909	/home/lytvyn/miniconda3/envs/fl_env/bin/flower-client-app
2024-05-21T19:28:07	71233	27.9	1030.02	93	 5909	/home/lytvyn/miniconda3/envs/fl_env/bin/flower-server-app
2024-05-21T19:28:08	71233	20.8	515.75	93	 5909	/home/lytvyn/miniconda3/envs/fl_env/bin/flower-superlink
2024-05-21T19:28:08	71330	80.5	1162.01	93	 5909	/home/lytvyn/miniconda3/envs/fl_env/bin/flower-client-app
2024-05-21T19:28:08	71376	80.0	1159.17	93	 5909	/home/lytvyn/miniconda3/envs/fl_env/bin/flower-client-app
2024-05-21T19:28:08	71410	79.3	1163.3	93	 5909	/home/lytvyn/miniconda3/envs/fl_env/bin/flower-client-app
2024-05-21T19:28:08	71233	27.0	1030.02	93	 5909	/home/lytvyn/miniconda3/envs/fl_env/bin/flower-server-app
2024-05-21T19:28:09	71233	20.2	515.75	94	 5909	/home/lytvyn/miniconda3/envs/fl_env/bin/flower-superlink
2024-05-21T19:28:09	71330	81.0	1162.01	94	 5909	/home/lytvyn/miniconda3/envs/fl_env/bin/flower-client-app
2024-05-21T19:28:09	71376	80.6	1159.17	94	 5909	/home/lytvyn/miniconda3/envs/fl_env/bin/flower-client-app
2024-05-21T19:28:09	71410	79.7	1163.3	94	 5909	/home/lytvyn/miniconda3/envs/fl_env/bin/flower-client-app
2024-05-21T19:28:09	71233	26.2	1030.02	94	 5909	/home/lytvyn/miniconda3/envs/fl_env/bin/flower-server-app
2024-05-21T19:28:10	71233	19.7	515.75	93	 5909	/home/lytvyn/miniconda3/envs/fl_env/bin/flower-superlink
2024-05-21T19:28:10	71330	81.6	1162.01	93	 5909	/home/lytvyn/miniconda3/envs/fl_env/bin/flower-client-app
2024-05-21T19:28:10	71376	81.2	1159.17	93	 5909	/home/lytvyn/miniconda3/envs/fl_env/bin/flower-client-app
2024-05-21T19:28:10	71410	80.4	1163.3	93	 5909	/home/lytvyn/miniconda3/envs/fl_env/bin/flower-client-app
2024-05-21T19:28:10	71233	25.5	1030.02	93	 5909	/home/lytvyn/miniconda3/envs/fl_env/bin/flower-server-app
2024-05-21T19:28:11	71233	19.2	515.75	93	 5909	/home/lytvyn/miniconda3/envs/fl_env/bin/flower-superlink
2024-05-21T19:28:11	71330	82.1	1162.01	93	 5909	/home/lytvyn/miniconda3/envs/fl_env/bin/flower-client-app
2024-05-21T19:28:11	71376	81.4	1159.17	93	 5909	/home/lytvyn/miniconda3/envs/fl_env/bin/flower-client-app
2024-05-21T19:28:11	71410	80.7	1163.3	93	 5909	/home/lytvyn/miniconda3/envs/fl_env/bin/flower-client-app
2024-05-21T19:28:11	71233	24.8	1030.02	93	 5909	/home/lytvyn/miniconda3/envs/fl_env/bin/flower-server-app
2024-05-21T19:28:12	71233	18.7	515.75	93	 5909	/home/lytvyn/miniconda3/envs/fl_env/bin/flower-superlink
2024-05-21T19:28:12	71330	82.4	1162.01	93	 5909	/home/lytvyn/miniconda3/envs/fl_env/bin/flower-client-app
2024-05-21T19:28:12	71376	81.6	1159.17	93	 5909	/home/lytvyn/miniconda3/envs/fl_env/bin/flower-client-app
2024-05-21T19:28:12	71410	81.0	1163.3	93	 5909	/home/lytvyn/miniconda3/envs/fl_env/bin/flower-client-app
2024-05-21T19:28:12	71233	24.1	1030.02	93	 5909	/home/lytvyn/miniconda3/envs/fl_env/bin/flower-server-app
2024-05-21T19:28:13	71233	18.2	515.75	93	 5909	/home/lytvyn/miniconda3/envs/fl_env/bin/flower-superlink
2024-05-21T19:28:13	71330	82.7	1162.01	93	 5909	/home/lytvyn/miniconda3/envs/fl_env/bin/flower-client-app
2024-05-21T19:28:13	71376	81.8	1159.17	93	 5909	/home/lytvyn/miniconda3/envs/fl_env/bin/flower-client-app
2024-05-21T19:28:13	71410	81.4	1163.3	93	 5909	/home/lytvyn/miniconda3/envs/fl_env/bin/flower-client-app
2024-05-21T19:28:13	71233	23.5	1030.02	93	 5909	/home/lytvyn/miniconda3/envs/fl_env/bin/flower-server-app
2024-05-21T19:28:14	71233	17.8	515.75	93	 5909	/home/lytvyn/miniconda3/envs/fl_env/bin/flower-superlink
2024-05-21T19:28:14	71330	83.3	1162.01	93	 5909	/home/lytvyn/miniconda3/envs/fl_env/bin/flower-client-app
2024-05-21T19:28:14	71376	82.3	1159.17	93	 5909	/home/lytvyn/miniconda3/envs/fl_env/bin/flower-client-app
2024-05-21T19:28:14	71410	81.8	1163.3	93	 5909	/home/lytvyn/miniconda3/envs/fl_env/bin/flower-client-app
2024-05-21T19:28:14	71233	22.8	1030.02	93	 5909	/home/lytvyn/miniconda3/envs/fl_env/bin/flower-server-app
2024-05-21T19:28:15	71233	17.4	516.75	0	 5909	/home/lytvyn/miniconda3/envs/fl_env/bin/flower-superlink
2024-05-21T19:28:15	71330	82.1	1162.01	0	 5909	/home/lytvyn/miniconda3/envs/fl_env/bin/flower-client-app
2024-05-21T19:28:15	71376	81.4	1158.91	0	 5909	/home/lytvyn/miniconda3/envs/fl_env/bin/flower-client-app
2024-05-21T19:28:15	71410	80.4	1163.3	0	 5909	/home/lytvyn/miniconda3/envs/fl_env/bin/flower-client-app
2024-05-21T19:28:15	71233	22.5	1030.52	0	 5909	/home/lytvyn/miniconda3/envs/fl_env/bin/flower-server-app
2024-05-21T19:28:16	71233	17.0	516.75	0	 5909	/home/lytvyn/miniconda3/envs/fl_env/bin/flower-superlink
2024-05-21T19:28:16	71330	80.1	1162.01	0	 5909	/home/lytvyn/miniconda3/envs/fl_env/bin/flower-client-app
2024-05-21T19:28:16	71376	79.4	1158.91	0	 5909	/home/lytvyn/miniconda3/envs/fl_env/bin/flower-client-app
2024-05-21T19:28:16	71410	78.5	1163.3	0	 5909	/home/lytvyn/miniconda3/envs/fl_env/bin/flower-client-app
2024-05-21T19:28:16	71233	22.8	1040.22	0	 5909	/home/lytvyn/miniconda3/envs/fl_env/bin/flower-server-app
2024-05-21T19:28:17	71233	16.6	516.75	0	 5909	/home/lytvyn/miniconda3/envs/fl_env/bin/flower-superlink
2024-05-21T19:28:17	71330	78.3	1162.01	0	 5909	/home/lytvyn/miniconda3/envs/fl_env/bin/flower-client-app
2024-05-21T19:28:17	71376	77.5	1158.91	0	 5909	/home/lytvyn/miniconda3/envs/fl_env/bin/flower-client-app
2024-05-21T19:28:17	71410	76.6	1163.3	0	 5909	/home/lytvyn/miniconda3/envs/fl_env/bin/flower-client-app
2024-05-21T19:28:17	71233	22.3	1040.22	0	 5909	/home/lytvyn/miniconda3/envs/fl_env/bin/flower-server-app
2024-05-21T19:28:18	71233	16.3	516.75	0	 5909	/home/lytvyn/miniconda3/envs/fl_env/bin/flower-superlink
2024-05-21T19:28:18	71330	77.2	1163.76	0	 5909	/home/lytvyn/miniconda3/envs/fl_env/bin/flower-client-app
2024-05-21T19:28:18	71376	76.5	1160.91	0	 5909	/home/lytvyn/miniconda3/envs/fl_env/bin/flower-client-app
2024-05-21T19:28:18	71410	75.7	1165.55	0	 5909	/home/lytvyn/miniconda3/envs/fl_env/bin/flower-client-app
2024-05-21T19:28:18	71233	21.7	1040.22	0	 5909	/home/lytvyn/miniconda3/envs/fl_env/bin/flower-server-app
2024-05-21T19:28:19	71233	16.0	516.75	0	 5909	/home/lytvyn/miniconda3/envs/fl_env/bin/flower-superlink
2024-05-21T19:28:19	71330	75.5	1163.76	0	 5909	/home/lytvyn/miniconda3/envs/fl_env/bin/flower-client-app
2024-05-21T19:28:19	71376	74.8	1160.91	0	 5909	/home/lytvyn/miniconda3/envs/fl_env/bin/flower-client-app
2024-05-21T19:28:19	71410	74.0	1165.55	0	 5909	/home/lytvyn/miniconda3/envs/fl_env/bin/flower-client-app
2024-05-21T19:28:19	71233	21.3	1040.22	0	 5909	/home/lytvyn/miniconda3/envs/fl_env/bin/flower-server-app
2024-05-21T19:28:20	71233	15.6	516.75	0	 5909	/home/lytvyn/miniconda3/envs/fl_env/bin/flower-superlink
2024-05-21T19:28:20	71330	73.8	1163.76	0	 5909	/home/lytvyn/miniconda3/envs/fl_env/bin/flower-client-app
2024-05-21T19:28:20	71376	73.2	1160.91	0	 5909	/home/lytvyn/miniconda3/envs/fl_env/bin/flower-client-app
2024-05-21T19:28:20	71410	72.4	1165.55	0	 5909	/home/lytvyn/miniconda3/envs/fl_env/bin/flower-client-app
2024-05-21T19:28:20	71233	20.8	1040.22	0	 5909	/home/lytvyn/miniconda3/envs/fl_env/bin/flower-server-app
2024-05-21T19:28:21	71233	15.3	516.75	0	 5909	/home/lytvyn/miniconda3/envs/fl_env/bin/flower-superlink
2024-05-21T19:28:21	71330	73.5	1178.64	0	 5909	/home/lytvyn/miniconda3/envs/fl_env/bin/flower-client-app
2024-05-21T19:28:21	71376	72.7	1169.11	0	 5909	/home/lytvyn/miniconda3/envs/fl_env/bin/flower-client-app
2024-05-21T19:28:21	71410	72.3	1180.61	0	 5909	/home/lytvyn/miniconda3/envs/fl_env/bin/flower-client-app
2024-05-21T19:28:21	71233	20.4	1040.22	0	 5909	/home/lytvyn/miniconda3/envs/fl_env/bin/flower-server-app
2024-05-21T19:28:22	71233	15.0	516.75	91	 5909	/home/lytvyn/miniconda3/envs/fl_env/bin/flower-superlink
2024-05-21T19:28:22	71330	74.1	1213.12	91	 5909	/home/lytvyn/miniconda3/envs/fl_env/bin/flower-client-app
2024-05-21T19:28:22	71376	73.3	1210.98	91	 5909	/home/lytvyn/miniconda3/envs/fl_env/bin/flower-client-app
2024-05-21T19:28:22	71410	72.9	1215.01	91	 5909	/home/lytvyn/miniconda3/envs/fl_env/bin/flower-client-app
2024-05-21T19:28:22	71233	19.9	1040.22	91	 5909	/home/lytvyn/miniconda3/envs/fl_env/bin/flower-server-app
2024-05-21T19:28:23	71233	14.7	516.75	94	 5909	/home/lytvyn/miniconda3/envs/fl_env/bin/flower-superlink
2024-05-21T19:28:23	71330	74.7	1213.12	94	 5909	/home/lytvyn/miniconda3/envs/fl_env/bin/flower-client-app
2024-05-21T19:28:23	71376	73.8	1210.98	94	 5909	/home/lytvyn/miniconda3/envs/fl_env/bin/flower-client-app
2024-05-21T19:28:23	71410	73.5	1215.01	94	 5909	/home/lytvyn/miniconda3/envs/fl_env/bin/flower-client-app
2024-05-21T19:28:23	71233	19.5	1040.22	94	 5909	/home/lytvyn/miniconda3/envs/fl_env/bin/flower-server-app
2024-05-21T19:28:24	71233	14.4	516.75	93	 5909	/home/lytvyn/miniconda3/envs/fl_env/bin/flower-superlink
2024-05-21T19:28:24	71330	75.1	1213.12	93	 5909	/home/lytvyn/miniconda3/envs/fl_env/bin/flower-client-app
2024-05-21T19:28:24	71376	74.3	1210.98	93	 5909	/home/lytvyn/miniconda3/envs/fl_env/bin/flower-client-app
2024-05-21T19:28:24	71410	73.9	1215.01	93	 5909	/home/lytvyn/miniconda3/envs/fl_env/bin/flower-client-app
2024-05-21T19:28:24	71233	19.1	1040.22	93	 5909	/home/lytvyn/miniconda3/envs/fl_env/bin/flower-server-app
2024-05-21T19:28:25	71233	14.2	516.75	93	 5909	/home/lytvyn/miniconda3/envs/fl_env/bin/flower-superlink
2024-05-21T19:28:25	71330	75.5	1213.12	93	 5909	/home/lytvyn/miniconda3/envs/fl_env/bin/flower-client-app
2024-05-21T19:28:25	71376	74.7	1211.23	93	 5909	/home/lytvyn/miniconda3/envs/fl_env/bin/flower-client-app
2024-05-21T19:28:25	71410	74.4	1215.26	93	 5909	/home/lytvyn/miniconda3/envs/fl_env/bin/flower-client-app
2024-05-21T19:28:25	71233	18.7	1040.22	93	 5909	/home/lytvyn/miniconda3/envs/fl_env/bin/flower-server-app
2024-05-21T19:28:26	71233	13.9	516.75	93	 5909	/home/lytvyn/miniconda3/envs/fl_env/bin/flower-superlink
2024-05-21T19:28:26	71330	76.0	1213.37	93	 5909	/home/lytvyn/miniconda3/envs/fl_env/bin/flower-client-app
2024-05-21T19:28:26	71376	75.3	1211.23	93	 5909	/home/lytvyn/miniconda3/envs/fl_env/bin/flower-client-app
2024-05-21T19:28:26	71410	75.0	1215.26	93	 5909	/home/lytvyn/miniconda3/envs/fl_env/bin/flower-client-app
2024-05-21T19:28:26	71233	18.4	1040.22	93	 5909	/home/lytvyn/miniconda3/envs/fl_env/bin/flower-server-app
2024-05-21T19:28:27	71233	13.7	516.75	94	 5909	/home/lytvyn/miniconda3/envs/fl_env/bin/flower-superlink
2024-05-21T19:28:27	71330	76.6	1213.37	94	 5909	/home/lytvyn/miniconda3/envs/fl_env/bin/flower-client-app
2024-05-21T19:28:27	71376	75.9	1211.23	94	 5909	/home/lytvyn/miniconda3/envs/fl_env/bin/flower-client-app
2024-05-21T19:28:27	71410	75.6	1215.26	94	 5909	/home/lytvyn/miniconda3/envs/fl_env/bin/flower-client-app
2024-05-21T19:28:27	71233	18.0	1040.22	94	 5909	/home/lytvyn/miniconda3/envs/fl_env/bin/flower-server-app
2024-05-21T19:28:28	71233	13.4	516.75	93	 5909	/home/lytvyn/miniconda3/envs/fl_env/bin/flower-superlink
2024-05-21T19:28:28	71330	77.2	1213.37	93	 5909	/home/lytvyn/miniconda3/envs/fl_env/bin/flower-client-app
2024-05-21T19:28:28	71376	76.6	1211.23	93	 5909	/home/lytvyn/miniconda3/envs/fl_env/bin/flower-client-app
2024-05-21T19:28:28	71410	76.3	1215.26	93	 5909	/home/lytvyn/miniconda3/envs/fl_env/bin/flower-client-app
2024-05-21T19:28:28	71233	17.7	1040.22	93	 5909	/home/lytvyn/miniconda3/envs/fl_env/bin/flower-server-app
2024-05-21T19:28:29	71233	13.2	516.75	94	 5909	/home/lytvyn/miniconda3/envs/fl_env/bin/flower-superlink
2024-05-21T19:28:29	71330	77.8	1213.37	94	 5909	/home/lytvyn/miniconda3/envs/fl_env/bin/flower-client-app
2024-05-21T19:28:29	71376	77.2	1211.23	94	 5909	/home/lytvyn/miniconda3/envs/fl_env/bin/flower-client-app
2024-05-21T19:28:29	71410	77.0	1215.26	94	 5909	/home/lytvyn/miniconda3/envs/fl_env/bin/flower-client-app
2024-05-21T19:28:29	71233	17.4	1040.22	94	 5909	/home/lytvyn/miniconda3/envs/fl_env/bin/flower-server-app
2024-05-21T19:28:30	71233	12.9	516.75	93	 5909	/home/lytvyn/miniconda3/envs/fl_env/bin/flower-superlink
2024-05-21T19:28:30	71330	78.4	1213.37	93	 5909	/home/lytvyn/miniconda3/envs/fl_env/bin/flower-client-app
2024-05-21T19:28:30	71376	77.8	1211.23	93	 5909	/home/lytvyn/miniconda3/envs/fl_env/bin/flower-client-app
2024-05-21T19:28:30	71410	77.6	1215.26	93	 5909	/home/lytvyn/miniconda3/envs/fl_env/bin/flower-client-app
2024-05-21T19:28:30	71233	17.0	1040.22	93	 5909	/home/lytvyn/miniconda3/envs/fl_env/bin/flower-server-app
2024-05-21T19:28:31	71233	12.7	516.75	93	 5909	/home/lytvyn/miniconda3/envs/fl_env/bin/flower-superlink
2024-05-21T19:28:31	71330	78.8	1213.37	93	 5909	/home/lytvyn/miniconda3/envs/fl_env/bin/flower-client-app
2024-05-21T19:28:31	71376	78.2	1211.23	93	 5909	/home/lytvyn/miniconda3/envs/fl_env/bin/flower-client-app
2024-05-21T19:28:31	71410	78.1	1215.26	93	 5909	/home/lytvyn/miniconda3/envs/fl_env/bin/flower-client-app
2024-05-21T19:28:31	71233	16.7	1040.22	93	 5909	/home/lytvyn/miniconda3/envs/fl_env/bin/flower-server-app
2024-05-21T19:28:33	71233	12.5	517.25	94	 5909	/home/lytvyn/miniconda3/envs/fl_env/bin/flower-superlink
2024-05-21T19:28:33	71330	79.4	1213.37	94	 5909	/home/lytvyn/miniconda3/envs/fl_env/bin/flower-client-app
2024-05-21T19:28:33	71376	78.7	1210.97	94	 5909	/home/lytvyn/miniconda3/envs/fl_env/bin/flower-client-app
2024-05-21T19:28:33	71410	78.5	1215.26	94	 5909	/home/lytvyn/miniconda3/envs/fl_env/bin/flower-client-app
2024-05-21T19:28:33	71233	16.4	1040.22	94	 5909	/home/lytvyn/miniconda3/envs/fl_env/bin/flower-server-app
2024-05-21T19:28:34	71233	12.3	518	0	 5909	/home/lytvyn/miniconda3/envs/fl_env/bin/flower-superlink
2024-05-21T19:28:34	71330	78.1	1213.37	0	 5909	/home/lytvyn/miniconda3/envs/fl_env/bin/flower-client-app
2024-05-21T19:28:34	71376	77.4	1210.97	0	 5909	/home/lytvyn/miniconda3/envs/fl_env/bin/flower-client-app
2024-05-21T19:28:34	71410	77.1	1215.26	0	 5909	/home/lytvyn/miniconda3/envs/fl_env/bin/flower-client-app
2024-05-21T19:28:34	71233	16.6	1041.22	0	 5909	/home/lytvyn/miniconda3/envs/fl_env/bin/flower-server-app
2024-05-21T19:28:35	71233	12.1	518	0	 5909	/home/lytvyn/miniconda3/envs/fl_env/bin/flower-superlink
2024-05-21T19:28:35	71330	76.8	1213.37	0	 5909	/home/lytvyn/miniconda3/envs/fl_env/bin/flower-client-app
2024-05-21T19:28:35	71376	76.1	1210.97	0	 5909	/home/lytvyn/miniconda3/envs/fl_env/bin/flower-client-app
2024-05-21T19:28:35	71410	75.8	1215.26	0	 5909	/home/lytvyn/miniconda3/envs/fl_env/bin/flower-client-app
2024-05-21T19:28:35	71233	16.8	1031.65	0	 5909	/home/lytvyn/miniconda3/envs/fl_env/bin/flower-server-app
2024-05-21T19:28:36	71233	12.0	518	0	 5909	/home/lytvyn/miniconda3/envs/fl_env/bin/flower-superlink
2024-05-21T19:28:36	71330	75.7	1201.84	0	 5909	/home/lytvyn/miniconda3/envs/fl_env/bin/flower-client-app
2024-05-21T19:28:36	71376	75.1	1200.88	0	 5909	/home/lytvyn/miniconda3/envs/fl_env/bin/flower-client-app
2024-05-21T19:28:36	71410	75.0	1216.51	0	 5909	/home/lytvyn/miniconda3/envs/fl_env/bin/flower-client-app
2024-05-21T19:28:36	71233	16.5	1031.65	0	 5909	/home/lytvyn/miniconda3/envs/fl_env/bin/flower-server-app
2024-05-21T19:28:37	71233	11.6	518	0	 5909	/home/lytvyn/miniconda3/envs/fl_env/bin/flower-superlink
2024-05-21T19:28:37	71330	73.7	1211.09	0	 5909	/home/lytvyn/miniconda3/envs/fl_env/bin/flower-client-app
2024-05-21T19:28:37	71376	73.0	1208.62	0	 5909	/home/lytvyn/miniconda3/envs/fl_env/bin/flower-client-app
2024-05-21T19:28:37	71410	72.8	1217.01	0	 5909	/home/lytvyn/miniconda3/envs/fl_env/bin/flower-client-app
2024-05-21T19:28:37	71233	16.0	1031.65	0	 5909	/home/lytvyn/miniconda3/envs/fl_env/bin/flower-server-app
2024-05-21T19:28:38	71233	11.5	518	0	 5909	/home/lytvyn/miniconda3/envs/fl_env/bin/flower-superlink
2024-05-21T19:28:38	71330	72.5	1211.09	0	 5909	/home/lytvyn/miniconda3/envs/fl_env/bin/flower-client-app
2024-05-21T19:28:38	71376	71.9	1208.62	0	 5909	/home/lytvyn/miniconda3/envs/fl_env/bin/flower-client-app
2024-05-21T19:28:38	71410	71.6	1217.01	0	 5909	/home/lytvyn/miniconda3/envs/fl_env/bin/flower-client-app
2024-05-21T19:28:38	71233	15.7	1031.65	0	 5909	/home/lytvyn/miniconda3/envs/fl_env/bin/flower-server-app
2024-05-21T19:28:39	71233	11.3	518	0	 5909	/home/lytvyn/miniconda3/envs/fl_env/bin/flower-superlink
2024-05-21T19:28:39	71330	71.4	1211.09	0	 5909	/home/lytvyn/miniconda3/envs/fl_env/bin/flower-client-app
2024-05-21T19:28:39	71376	70.7	1208.62	0	 5909	/home/lytvyn/miniconda3/envs/fl_env/bin/flower-client-app
2024-05-21T19:28:39	71410	70.5	1217.01	0	 5909	/home/lytvyn/miniconda3/envs/fl_env/bin/flower-client-app
2024-05-21T19:28:39	71233	15.5	1031.65	0	 5909	/home/lytvyn/miniconda3/envs/fl_env/bin/flower-server-app
2024-05-21T19:28:40	71233	11.1	518	0	 5909	/home/lytvyn/miniconda3/envs/fl_env/bin/flower-superlink
2024-05-21T19:28:40	71330	71.7	1117.22	0	 5909	/home/lytvyn/miniconda3/envs/fl_env/bin/flower-client-app
2024-05-21T19:28:40	71376	71.2	1113.94	0	 5909	/home/lytvyn/miniconda3/envs/fl_env/bin/flower-client-app
2024-05-21T19:28:40	71410	71.0	1113.61	0	 5909	/home/lytvyn/miniconda3/envs/fl_env/bin/flower-client-app
2024-05-21T19:28:40	71233	15.3	1031.65	0	 5909	/home/lytvyn/miniconda3/envs/fl_env/bin/flower-server-app
2024-05-21T19:28:41	71233	11.0	518	92	 5909	/home/lytvyn/miniconda3/envs/fl_env/bin/flower-superlink
2024-05-21T19:28:41	71330	72.0	1143.72	92	 5909	/home/lytvyn/miniconda3/envs/fl_env/bin/flower-client-app
2024-05-21T19:28:41	71376	71.6	1140.69	92	 5909	/home/lytvyn/miniconda3/envs/fl_env/bin/flower-client-app
2024-05-21T19:28:41	71410	71.5	1143.11	92	 5909	/home/lytvyn/miniconda3/envs/fl_env/bin/flower-client-app
2024-05-21T19:28:41	71233	15.0	1031.65	92	 5909	/home/lytvyn/miniconda3/envs/fl_env/bin/flower-server-app
2024-05-21T19:28:42	71233	10.8	518	93	 5909	/home/lytvyn/miniconda3/envs/fl_env/bin/flower-superlink
2024-05-21T19:28:42	71330	72.4	1143.72	93	 5909	/home/lytvyn/miniconda3/envs/fl_env/bin/flower-client-app
2024-05-21T19:28:42	71376	72.1	1140.69	93	 5909	/home/lytvyn/miniconda3/envs/fl_env/bin/flower-client-app
2024-05-21T19:28:42	71410	72.0	1143.11	93	 5909	/home/lytvyn/miniconda3/envs/fl_env/bin/flower-client-app
2024-05-21T19:28:42	71233	14.8	1031.65	93	 5909	/home/lytvyn/miniconda3/envs/fl_env/bin/flower-server-app
2024-05-21T19:28:43	71233	10.7	518	93	 5909	/home/lytvyn/miniconda3/envs/fl_env/bin/flower-superlink
2024-05-21T19:28:43	71330	72.9	1143.72	93	 5909	/home/lytvyn/miniconda3/envs/fl_env/bin/flower-client-app
2024-05-21T19:28:43	71376	72.6	1140.69	93	 5909	/home/lytvyn/miniconda3/envs/fl_env/bin/flower-client-app
2024-05-21T19:28:43	71410	72.5	1143.11	93	 5909	/home/lytvyn/miniconda3/envs/fl_env/bin/flower-client-app
2024-05-21T19:28:43	71233	14.6	1031.65	93	 5909	/home/lytvyn/miniconda3/envs/fl_env/bin/flower-server-app
2024-05-21T19:28:44	71233	10.5	518	94	 5909	/home/lytvyn/miniconda3/envs/fl_env/bin/flower-superlink
2024-05-21T19:28:44	71330	73.4	1143.72	94	 5909	/home/lytvyn/miniconda3/envs/fl_env/bin/flower-client-app
2024-05-21T19:28:44	71376	73.1	1140.69	94	 5909	/home/lytvyn/miniconda3/envs/fl_env/bin/flower-client-app
2024-05-21T19:28:44	71410	72.9	1143.61	94	 5909	/home/lytvyn/miniconda3/envs/fl_env/bin/flower-client-app
2024-05-21T19:28:44	71233	14.4	1031.65	94	 5909	/home/lytvyn/miniconda3/envs/fl_env/bin/flower-server-app
2024-05-21T19:28:45	71233	10.4	518	93	 5909	/home/lytvyn/miniconda3/envs/fl_env/bin/flower-superlink
2024-05-21T19:28:45	71330	73.9	1143.72	93	 5909	/home/lytvyn/miniconda3/envs/fl_env/bin/flower-client-app
2024-05-21T19:28:45	71376	73.6	1140.69	93	 5909	/home/lytvyn/miniconda3/envs/fl_env/bin/flower-client-app
2024-05-21T19:28:45	71410	73.3	1143.61	93	 5909	/home/lytvyn/miniconda3/envs/fl_env/bin/flower-client-app
2024-05-21T19:28:45	71233	14.2	1031.65	93	 5909	/home/lytvyn/miniconda3/envs/fl_env/bin/flower-server-app
2024-05-21T19:28:46	71233	10.2	518	93	 5909	/home/lytvyn/miniconda3/envs/fl_env/bin/flower-superlink
2024-05-21T19:28:46	71330	74.2	1143.72	93	 5909	/home/lytvyn/miniconda3/envs/fl_env/bin/flower-client-app
2024-05-21T19:28:46	71376	73.9	1140.69	93	 5909	/home/lytvyn/miniconda3/envs/fl_env/bin/flower-client-app
2024-05-21T19:28:46	71410	73.7	1143.86	93	 5909	/home/lytvyn/miniconda3/envs/fl_env/bin/flower-client-app
2024-05-21T19:28:46	71233	14.0	1031.65	93	 5909	/home/lytvyn/miniconda3/envs/fl_env/bin/flower-server-app
2024-05-21T19:28:47	71233	10.1	518	94	 5909	/home/lytvyn/miniconda3/envs/fl_env/bin/flower-superlink
2024-05-21T19:28:47	71330	74.7	1143.72	94	 5909	/home/lytvyn/miniconda3/envs/fl_env/bin/flower-client-app
2024-05-21T19:28:47	71376	74.4	1140.69	94	 5909	/home/lytvyn/miniconda3/envs/fl_env/bin/flower-client-app
2024-05-21T19:28:47	71410	74.2	1143.86	94	 5909	/home/lytvyn/miniconda3/envs/fl_env/bin/flower-client-app
2024-05-21T19:28:47	71233	13.8	1031.65	94	 5909	/home/lytvyn/miniconda3/envs/fl_env/bin/flower-server-app
2024-05-21T19:28:48	71233	10.0	518	93	 5909	/home/lytvyn/miniconda3/envs/fl_env/bin/flower-superlink
2024-05-21T19:28:48	71330	75.2	1143.72	93	 5909	/home/lytvyn/miniconda3/envs/fl_env/bin/flower-client-app
2024-05-21T19:28:48	71376	74.9	1140.69	93	 5909	/home/lytvyn/miniconda3/envs/fl_env/bin/flower-client-app
2024-05-21T19:28:48	71410	74.6	1143.86	93	 5909	/home/lytvyn/miniconda3/envs/fl_env/bin/flower-client-app
2024-05-21T19:28:48	71233	13.6	1031.65	93	 5909	/home/lytvyn/miniconda3/envs/fl_env/bin/flower-server-app
2024-05-21T19:28:49	71233	9.8	518	94	 5909	/home/lytvyn/miniconda3/envs/fl_env/bin/flower-superlink
2024-05-21T19:28:49	71330	75.6	1143.72	94	 5909	/home/lytvyn/miniconda3/envs/fl_env/bin/flower-client-app
2024-05-21T19:28:49	71376	75.4	1140.69	94	 5909	/home/lytvyn/miniconda3/envs/fl_env/bin/flower-client-app
2024-05-21T19:28:49	71410	75.1	1143.86	94	 5909	/home/lytvyn/miniconda3/envs/fl_env/bin/flower-client-app
2024-05-21T19:28:49	71233	13.4	1031.65	94	 5909	/home/lytvyn/miniconda3/envs/fl_env/bin/flower-server-app
2024-05-21T19:28:50	71233	9.7	518	93	 5909	/home/lytvyn/miniconda3/envs/fl_env/bin/flower-superlink
2024-05-21T19:28:50	71330	75.8	1143.72	93	 5909	/home/lytvyn/miniconda3/envs/fl_env/bin/flower-client-app
2024-05-21T19:28:50	71376	75.6	1140.69	93	 5909	/home/lytvyn/miniconda3/envs/fl_env/bin/flower-client-app
2024-05-21T19:28:50	71410	75.4	1143.86	93	 5909	/home/lytvyn/miniconda3/envs/fl_env/bin/flower-client-app
2024-05-21T19:28:50	71233	13.3	1031.65	93	 5909	/home/lytvyn/miniconda3/envs/fl_env/bin/flower-server-app
2024-05-21T19:28:51	71233	9.6	518	43	 5909	/home/lytvyn/miniconda3/envs/fl_env/bin/flower-superlink
2024-05-21T19:28:51	71330	76.1	1145.47	43	 5909	/home/lytvyn/miniconda3/envs/fl_env/bin/flower-client-app
2024-05-21T19:28:51	71376	75.5	1142.44	43	 5909	/home/lytvyn/miniconda3/envs/fl_env/bin/flower-client-app
2024-05-21T19:28:51	71410	75.3	1145.36	43	 5909	/home/lytvyn/miniconda3/envs/fl_env/bin/flower-client-app
2024-05-21T19:28:51	71233	13.1	1031.65	43	 5909	/home/lytvyn/miniconda3/envs/fl_env/bin/flower-server-app
2024-05-21T19:28:52	71233	9.5	518	0	 5909	/home/lytvyn/miniconda3/envs/fl_env/bin/flower-superlink
2024-05-21T19:28:52	71330	75.1	1145.47	0	 5909	/home/lytvyn/miniconda3/envs/fl_env/bin/flower-client-app
2024-05-21T19:28:52	71376	74.5	1142.44	0	 5909	/home/lytvyn/miniconda3/envs/fl_env/bin/flower-client-app
2024-05-21T19:28:52	71410	74.3	1145.36	0	 5909	/home/lytvyn/miniconda3/envs/fl_env/bin/flower-client-app
2024-05-21T19:28:52	71233	13.3	1036.9	0	 5909	/home/lytvyn/miniconda3/envs/fl_env/bin/flower-server-app
2024-05-21T19:28:53	71233	9.4	518	0	 5909	/home/lytvyn/miniconda3/envs/fl_env/bin/flower-superlink
2024-05-21T19:28:53	71330	74.1	1145.47	0	 5909	/home/lytvyn/miniconda3/envs/fl_env/bin/flower-client-app
2024-05-21T19:28:53	71376	73.6	1142.44	0	 5909	/home/lytvyn/miniconda3/envs/fl_env/bin/flower-client-app
2024-05-21T19:28:53	71410	73.4	1145.36	0	 5909	/home/lytvyn/miniconda3/envs/fl_env/bin/flower-client-app
2024-05-21T19:28:53	71233	13.2	1038.65	0	 5909	/home/lytvyn/miniconda3/envs/fl_env/bin/flower-server-app
2024-05-21T19:28:54	71233	9.3	518	7	 5909	/home/lytvyn/miniconda3/envs/fl_env/bin/flower-superlink
2024-05-21T19:28:54	71330	73.5	1146.72	7	 5909	/home/lytvyn/miniconda3/envs/fl_env/bin/flower-client-app
2024-05-21T19:28:54	71376	73.1	1144.69	7	 5909	/home/lytvyn/miniconda3/envs/fl_env/bin/flower-client-app
2024-05-21T19:28:54	71410	72.9	1147.11	7	 5909	/home/lytvyn/miniconda3/envs/fl_env/bin/flower-client-app
2024-05-21T19:28:54	71233	13.1	1038.65	7	 5909	/home/lytvyn/miniconda3/envs/fl_env/bin/flower-server-app
2024-05-21T19:28:55	71233	9.2	518	0	 5909	/home/lytvyn/miniconda3/envs/fl_env/bin/flower-superlink
2024-05-21T19:28:55	71330	72.7	1147.72	0	 5909	/home/lytvyn/miniconda3/envs/fl_env/bin/flower-client-app
2024-05-21T19:28:55	71376	72.2	1144.69	0	 5909	/home/lytvyn/miniconda3/envs/fl_env/bin/flower-client-app
2024-05-21T19:28:55	71410	72.0	1147.11	0	 5909	/home/lytvyn/miniconda3/envs/fl_env/bin/flower-client-app
2024-05-21T19:28:55	71233	12.9	1038.65	0	 5909	/home/lytvyn/miniconda3/envs/fl_env/bin/flower-server-app
2024-05-21T19:28:56	71233	9.1	518	0	 5909	/home/lytvyn/miniconda3/envs/fl_env/bin/flower-superlink
2024-05-21T19:28:56	71330	71.9	1147.72	0	 5909	/home/lytvyn/miniconda3/envs/fl_env/bin/flower-client-app
2024-05-21T19:28:56	71376	71.3	1144.69	0	 5909	/home/lytvyn/miniconda3/envs/fl_env/bin/flower-client-app
2024-05-21T19:28:56	71410	71.1	1147.11	0	 5909	/home/lytvyn/miniconda3/envs/fl_env/bin/flower-client-app
2024-05-21T19:28:56	71233	12.8	1038.65	0	 5909	/home/lytvyn/miniconda3/envs/fl_env/bin/flower-server-app
2024-05-21T19:28:57	71233	9.0	518	0	 5909	/home/lytvyn/miniconda3/envs/fl_env/bin/flower-superlink
2024-05-21T19:28:57	71330	71.0	1148.47	0	 5909	/home/lytvyn/miniconda3/envs/fl_env/bin/flower-client-app
2024-05-21T19:28:57	71376	70.7	1133.48	0	 5909	/home/lytvyn/miniconda3/envs/fl_env/bin/flower-client-app
2024-05-21T19:28:57	71410	70.5	1136.51	0	 5909	/home/lytvyn/miniconda3/envs/fl_env/bin/flower-client-app
2024-05-21T19:28:57	71233	12.6	1038.65	0	 5909	/home/lytvyn/miniconda3/envs/fl_env/bin/flower-server-app
2024-05-21T19:28:58	71233	8.9	518	0	 5909	/home/lytvyn/miniconda3/envs/fl_env/bin/flower-superlink
2024-05-21T19:28:58	71330	71.4	1175.11	0	 5909	/home/lytvyn/miniconda3/envs/fl_env/bin/flower-client-app
2024-05-21T19:28:58	71376	71.1	1178.7	0	 5909	/home/lytvyn/miniconda3/envs/fl_env/bin/flower-client-app
2024-05-21T19:28:58	71410	70.9	1181.06	0	 5909	/home/lytvyn/miniconda3/envs/fl_env/bin/flower-client-app
2024-05-21T19:28:58	71233	12.5	1038.65	0	 5909	/home/lytvyn/miniconda3/envs/fl_env/bin/flower-server-app
2024-05-21T19:28:59	71233	8.8	518	93	 5909	/home/lytvyn/miniconda3/envs/fl_env/bin/flower-superlink
2024-05-21T19:28:59	71330	71.8	1180.61	93	 5909	/home/lytvyn/miniconda3/envs/fl_env/bin/flower-client-app
2024-05-21T19:28:59	71376	71.6	1179.2	93	 5909	/home/lytvyn/miniconda3/envs/fl_env/bin/flower-client-app
2024-05-21T19:28:59	71410	71.3	1181.06	93	 5909	/home/lytvyn/miniconda3/envs/fl_env/bin/flower-client-app
2024-05-21T19:28:59	71233	12.3	1038.65	93	 5909	/home/lytvyn/miniconda3/envs/fl_env/bin/flower-server-app
2024-05-21T19:29:00	71233	8.7	518	94	 5909	/home/lytvyn/miniconda3/envs/fl_env/bin/flower-superlink
2024-05-21T19:29:00	71330	72.2	1180.61	94	 5909	/home/lytvyn/miniconda3/envs/fl_env/bin/flower-client-app
2024-05-21T19:29:00	71376	72.1	1179.2	94	 5909	/home/lytvyn/miniconda3/envs/fl_env/bin/flower-client-app
2024-05-21T19:29:00	71410	71.8	1181.06	94	 5909	/home/lytvyn/miniconda3/envs/fl_env/bin/flower-client-app
2024-05-21T19:29:00	71233	12.2	1038.65	94	 5909	/home/lytvyn/miniconda3/envs/fl_env/bin/flower-server-app
2024-05-21T19:29:01	71233	8.6	518	93	 5909	/home/lytvyn/miniconda3/envs/fl_env/bin/flower-superlink
2024-05-21T19:29:01	71330	72.6	1180.61	93	 5909	/home/lytvyn/miniconda3/envs/fl_env/bin/flower-client-app
2024-05-21T19:29:01	71376	72.4	1179.2	93	 5909	/home/lytvyn/miniconda3/envs/fl_env/bin/flower-client-app
2024-05-21T19:29:01	71410	72.1	1181.06	93	 5909	/home/lytvyn/miniconda3/envs/fl_env/bin/flower-client-app
2024-05-21T19:29:01	71233	12.0	1038.65	93	 5909	/home/lytvyn/miniconda3/envs/fl_env/bin/flower-server-app
2024-05-21T19:29:02	71233	8.5	518	93	 5909	/home/lytvyn/miniconda3/envs/fl_env/bin/flower-superlink
2024-05-21T19:29:02	71330	72.9	1180.61	93	 5909	/home/lytvyn/miniconda3/envs/fl_env/bin/flower-client-app
2024-05-21T19:29:02	71376	72.8	1179.45	93	 5909	/home/lytvyn/miniconda3/envs/fl_env/bin/flower-client-app
2024-05-21T19:29:02	71410	72.5	1181.06	93	 5909	/home/lytvyn/miniconda3/envs/fl_env/bin/flower-client-app
2024-05-21T19:29:02	71233	11.9	1038.65	93	 5909	/home/lytvyn/miniconda3/envs/fl_env/bin/flower-server-app
2024-05-21T19:29:03	71233	8.4	518	93	 5909	/home/lytvyn/miniconda3/envs/fl_env/bin/flower-superlink
2024-05-21T19:29:03	71330	73.3	1180.61	93	 5909	/home/lytvyn/miniconda3/envs/fl_env/bin/flower-client-app
2024-05-21T19:29:03	71376	73.2	1179.45	93	 5909	/home/lytvyn/miniconda3/envs/fl_env/bin/flower-client-app
2024-05-21T19:29:03	71410	72.9	1181.06	93	 5909	/home/lytvyn/miniconda3/envs/fl_env/bin/flower-client-app
2024-05-21T19:29:03	71233	11.8	1038.65	93	 5909	/home/lytvyn/miniconda3/envs/fl_env/bin/flower-server-app
2024-05-21T19:29:05	71233	8.3	518	93	 5909	/home/lytvyn/miniconda3/envs/fl_env/bin/flower-superlink
2024-05-21T19:29:05	71330	73.6	1180.61	93	 5909	/home/lytvyn/miniconda3/envs/fl_env/bin/flower-client-app
2024-05-21T19:29:05	71376	73.5	1179.45	93	 5909	/home/lytvyn/miniconda3/envs/fl_env/bin/flower-client-app
2024-05-21T19:29:05	71410	73.2	1181.06	93	 5909	/home/lytvyn/miniconda3/envs/fl_env/bin/flower-client-app
2024-05-21T19:29:05	71233	11.6	1038.65	93	 5909	/home/lytvyn/miniconda3/envs/fl_env/bin/flower-server-app
2024-05-21T19:29:06	71233	8.2	518	93	 5909	/home/lytvyn/miniconda3/envs/fl_env/bin/flower-superlink
2024-05-21T19:29:06	71330	73.9	1180.61	93	 5909	/home/lytvyn/miniconda3/envs/fl_env/bin/flower-client-app
2024-05-21T19:29:06	71376	73.9	1179.45	93	 5909	/home/lytvyn/miniconda3/envs/fl_env/bin/flower-client-app
2024-05-21T19:29:06	71410	73.5	1181.06	93	 5909	/home/lytvyn/miniconda3/envs/fl_env/bin/flower-client-app
2024-05-21T19:29:06	71233	11.5	1038.65	93	 5909	/home/lytvyn/miniconda3/envs/fl_env/bin/flower-server-app
2024-05-21T19:29:07	71233	8.1	518	93	 5909	/home/lytvyn/miniconda3/envs/fl_env/bin/flower-superlink
2024-05-21T19:29:07	71330	74.2	1180.61	93	 5909	/home/lytvyn/miniconda3/envs/fl_env/bin/flower-client-app
2024-05-21T19:29:07	71376	74.2	1179.45	93	 5909	/home/lytvyn/miniconda3/envs/fl_env/bin/flower-client-app
2024-05-21T19:29:07	71410	73.9	1181.06	93	 5909	/home/lytvyn/miniconda3/envs/fl_env/bin/flower-client-app
2024-05-21T19:29:07	71233	11.4	1038.65	93	 5909	/home/lytvyn/miniconda3/envs/fl_env/bin/flower-server-app
2024-05-21T19:29:08	71233	8.1	518	93	 5909	/home/lytvyn/miniconda3/envs/fl_env/bin/flower-superlink
2024-05-21T19:29:08	71330	74.4	1180.86	93	 5909	/home/lytvyn/miniconda3/envs/fl_env/bin/flower-client-app
2024-05-21T19:29:08	71376	74.5	1179.45	93	 5909	/home/lytvyn/miniconda3/envs/fl_env/bin/flower-client-app
2024-05-21T19:29:08	71410	74.2	1181.06	93	 5909	/home/lytvyn/miniconda3/envs/fl_env/bin/flower-client-app
2024-05-21T19:29:08	71233	11.3	1038.65	93	 5909	/home/lytvyn/miniconda3/envs/fl_env/bin/flower-server-app
2024-05-21T19:29:09	71233	8.0	518	93	 5909	/home/lytvyn/miniconda3/envs/fl_env/bin/flower-superlink
2024-05-21T19:29:09	71330	74.8	1180.86	93	 5909	/home/lytvyn/miniconda3/envs/fl_env/bin/flower-client-app
2024-05-21T19:29:09	71376	74.9	1179.45	93	 5909	/home/lytvyn/miniconda3/envs/fl_env/bin/flower-client-app
2024-05-21T19:29:09	71410	74.5	1181.06	93	 5909	/home/lytvyn/miniconda3/envs/fl_env/bin/flower-client-app
2024-05-21T19:29:09	71233	11.1	1038.65	93	 5909	/home/lytvyn/miniconda3/envs/fl_env/bin/flower-server-app
2024-05-21T19:29:10	71233	7.8	518	0	 5909	/home/lytvyn/miniconda3/envs/fl_env/bin/flower-superlink
2024-05-21T19:29:10	71330	73.8	1180.61	0	 5909	/home/lytvyn/miniconda3/envs/fl_env/bin/flower-client-app
2024-05-21T19:29:10	71376	73.5	1179.2	0	 5909	/home/lytvyn/miniconda3/envs/fl_env/bin/flower-client-app
2024-05-21T19:29:10	71410	73.0	1181.31	0	 5909	/home/lytvyn/miniconda3/envs/fl_env/bin/flower-client-app
2024-05-21T19:29:10	71233	10.9	1038.65	0	 5909	/home/lytvyn/miniconda3/envs/fl_env/bin/flower-server-app
2024-05-21T19:29:11	71233	7.8	518.5	0	 5909	/home/lytvyn/miniconda3/envs/fl_env/bin/flower-superlink
2024-05-21T19:29:11	71330	73.0	1180.61	0	 5909	/home/lytvyn/miniconda3/envs/fl_env/bin/flower-client-app
2024-05-21T19:29:11	71376	72.7	1179.2	0	 5909	/home/lytvyn/miniconda3/envs/fl_env/bin/flower-client-app
2024-05-21T19:29:11	71410	72.3	1181.31	0	 5909	/home/lytvyn/miniconda3/envs/fl_env/bin/flower-client-app
2024-05-21T19:29:11	71233	11.3	1043.88	0	 5909	/home/lytvyn/miniconda3/envs/fl_env/bin/flower-server-app
2024-05-21T19:29:12	71233	7.7	518.5	0	 5909	/home/lytvyn/miniconda3/envs/fl_env/bin/flower-superlink
2024-05-21T19:29:12	71330	72.3	1180.61	0	 5909	/home/lytvyn/miniconda3/envs/fl_env/bin/flower-client-app
2024-05-21T19:29:12	71376	72.0	1179.45	0	 5909	/home/lytvyn/miniconda3/envs/fl_env/bin/flower-client-app
2024-05-21T19:29:12	71410	71.5	1181.56	0	 5909	/home/lytvyn/miniconda3/envs/fl_env/bin/flower-client-app
2024-05-21T19:29:12	71233	11.1	1043.88	0	 5909	/home/lytvyn/miniconda3/envs/fl_env/bin/flower-server-app
2024-05-21T19:29:13	71233	7.6	518.5	0	 5909	/home/lytvyn/miniconda3/envs/fl_env/bin/flower-superlink
2024-05-21T19:29:13	71330	71.9	1180.61	0	 5909	/home/lytvyn/miniconda3/envs/fl_env/bin/flower-client-app
2024-05-21T19:29:13	71376	71.6	1179.45	0	 5909	/home/lytvyn/miniconda3/envs/fl_env/bin/flower-client-app
2024-05-21T19:29:13	71410	71.2	1182.31	0	 5909	/home/lytvyn/miniconda3/envs/fl_env/bin/flower-client-app
2024-05-21T19:29:13	71233	11.0	1043.88	0	 5909	/home/lytvyn/miniconda3/envs/fl_env/bin/flower-server-app
2024-05-21T19:29:14	71233	7.6	519.75	0	 5909	/home/lytvyn/miniconda3/envs/fl_env/bin/flower-superlink
2024-05-21T19:29:14	71330	71.2	1180.61	0	 5909	/home/lytvyn/miniconda3/envs/fl_env/bin/flower-client-app
2024-05-21T19:29:14	71376	70.8	1179.45	0	 5909	/home/lytvyn/miniconda3/envs/fl_env/bin/flower-client-app
2024-05-21T19:29:14	71410	70.4	1182.31	0	 5909	/home/lytvyn/miniconda3/envs/fl_env/bin/flower-client-app
2024-05-21T19:29:14	71233	10.9	1043.88	0	 5909	/home/lytvyn/miniconda3/envs/fl_env/bin/flower-server-app
2024-05-21T19:29:15	71233	7.5	519.75	0	 5909	/home/lytvyn/miniconda3/envs/fl_env/bin/flower-superlink
2024-05-21T19:29:15	71330	70.5	1180.61	0	 5909	/home/lytvyn/miniconda3/envs/fl_env/bin/flower-client-app
2024-05-21T19:29:15	71376	70.2	1179.45	0	 5909	/home/lytvyn/miniconda3/envs/fl_env/bin/flower-client-app
2024-05-21T19:29:15	71410	69.8	1182.31	0	 5909	/home/lytvyn/miniconda3/envs/fl_env/bin/flower-client-app
2024-05-21T19:29:15	71233	10.8	1043.88	0	 5909	/home/lytvyn/miniconda3/envs/fl_env/bin/flower-server-app
2024-05-21T19:29:16	71233	7.4	519.75	0	 5909	/home/lytvyn/miniconda3/envs/fl_env/bin/flower-superlink
2024-05-21T19:29:16	71330	70.3	1183.12	0	 5909	/home/lytvyn/miniconda3/envs/fl_env/bin/flower-client-app
2024-05-21T19:29:16	71376	70.3	1190.65	0	 5909	/home/lytvyn/miniconda3/envs/fl_env/bin/flower-client-app
2024-05-21T19:29:16	71410	69.9	1133.87	0	 5909	/home/lytvyn/miniconda3/envs/fl_env/bin/flower-client-app
2024-05-21T19:29:16	71233	10.7	1043.88	0	 5909	/home/lytvyn/miniconda3/envs/fl_env/bin/flower-server-app
2024-05-21T19:29:17	71233	7.4	519.75	93	 5909	/home/lytvyn/miniconda3/envs/fl_env/bin/flower-superlink
2024-05-21T19:29:17	71330	70.6	1151.88	93	 5909	/home/lytvyn/miniconda3/envs/fl_env/bin/flower-client-app
2024-05-21T19:29:17	71376	70.6	1151.28	93	 5909	/home/lytvyn/miniconda3/envs/fl_env/bin/flower-client-app
2024-05-21T19:29:17	71410	70.2	1151	93	 5909	/home/lytvyn/miniconda3/envs/fl_env/bin/flower-client-app
2024-05-21T19:29:17	71233	10.6	1043.88	93	 5909	/home/lytvyn/miniconda3/envs/fl_env/bin/flower-server-app
2024-05-21T19:29:18	71233	7.3	519.75	93	 5909	/home/lytvyn/miniconda3/envs/fl_env/bin/flower-superlink
2024-05-21T19:29:18	71330	70.9	1151.88	93	 5909	/home/lytvyn/miniconda3/envs/fl_env/bin/flower-client-app
2024-05-21T19:29:18	71376	71.0	1151.28	93	 5909	/home/lytvyn/miniconda3/envs/fl_env/bin/flower-client-app
2024-05-21T19:29:18	71410	70.6	1151	93	 5909	/home/lytvyn/miniconda3/envs/fl_env/bin/flower-client-app
2024-05-21T19:29:18	71233	10.5	1043.88	93	 5909	/home/lytvyn/miniconda3/envs/fl_env/bin/flower-server-app
2024-05-21T19:29:19	71233	7.2	519.75	94	 5909	/home/lytvyn/miniconda3/envs/fl_env/bin/flower-superlink
2024-05-21T19:29:19	71330	71.3	1151.88	94	 5909	/home/lytvyn/miniconda3/envs/fl_env/bin/flower-client-app
2024-05-21T19:29:19	71376	71.3	1151.28	94	 5909	/home/lytvyn/miniconda3/envs/fl_env/bin/flower-client-app
2024-05-21T19:29:19	71410	71.0	1151	94	 5909	/home/lytvyn/miniconda3/envs/fl_env/bin/flower-client-app
2024-05-21T19:29:19	71233	10.4	1043.88	94	 5909	/home/lytvyn/miniconda3/envs/fl_env/bin/flower-server-app
2024-05-21T19:29:20	71233	7.2	519.75	93	 5909	/home/lytvyn/miniconda3/envs/fl_env/bin/flower-superlink
2024-05-21T19:29:20	71330	71.5	1151.88	93	 5909	/home/lytvyn/miniconda3/envs/fl_env/bin/flower-client-app
2024-05-21T19:29:20	71376	71.6	1151.28	93	 5909	/home/lytvyn/miniconda3/envs/fl_env/bin/flower-client-app
2024-05-21T19:29:20	71410	71.2	1151	93	 5909	/home/lytvyn/miniconda3/envs/fl_env/bin/flower-client-app
2024-05-21T19:29:20	71233	10.3	1043.88	93	 5909	/home/lytvyn/miniconda3/envs/fl_env/bin/flower-server-app
2024-05-21T19:29:21	71233	7.1	519.75	93	 5909	/home/lytvyn/miniconda3/envs/fl_env/bin/flower-superlink
2024-05-21T19:29:21	71330	71.7	1152.13	93	 5909	/home/lytvyn/miniconda3/envs/fl_env/bin/flower-client-app
2024-05-21T19:29:21	71376	71.8	1151.28	93	 5909	/home/lytvyn/miniconda3/envs/fl_env/bin/flower-client-app
2024-05-21T19:29:21	71410	71.5	1151	93	 5909	/home/lytvyn/miniconda3/envs/fl_env/bin/flower-client-app
2024-05-21T19:29:21	71233	10.2	1043.88	93	 5909	/home/lytvyn/miniconda3/envs/fl_env/bin/flower-server-app
2024-05-21T19:29:22	71233	7.0	519.75	93	 5909	/home/lytvyn/miniconda3/envs/fl_env/bin/flower-superlink
2024-05-21T19:29:22	71330	71.9	1152.13	93	 5909	/home/lytvyn/miniconda3/envs/fl_env/bin/flower-client-app
2024-05-21T19:29:22	71376	72.1	1151.28	93	 5909	/home/lytvyn/miniconda3/envs/fl_env/bin/flower-client-app
2024-05-21T19:29:22	71410	71.7	1151	93	 5909	/home/lytvyn/miniconda3/envs/fl_env/bin/flower-client-app
2024-05-21T19:29:22	71233	10.1	1043.88	93	 5909	/home/lytvyn/miniconda3/envs/fl_env/bin/flower-server-app
2024-05-21T19:29:23	71233	7.0	519.75	94	 5909	/home/lytvyn/miniconda3/envs/fl_env/bin/flower-superlink
2024-05-21T19:29:23	71330	72.2	1152.13	94	 5909	/home/lytvyn/miniconda3/envs/fl_env/bin/flower-client-app
2024-05-21T19:29:23	71376	72.4	1151.53	94	 5909	/home/lytvyn/miniconda3/envs/fl_env/bin/flower-client-app
2024-05-21T19:29:23	71410	72.0	1151	94	 5909	/home/lytvyn/miniconda3/envs/fl_env/bin/flower-client-app
2024-05-21T19:29:23	71233	10.0	1043.88	94	 5909	/home/lytvyn/miniconda3/envs/fl_env/bin/flower-server-app
2024-05-21T19:29:24	71233	6.9	519.75	93	 5909	/home/lytvyn/miniconda3/envs/fl_env/bin/flower-superlink
2024-05-21T19:29:24	71330	72.5	1152.13	93	 5909	/home/lytvyn/miniconda3/envs/fl_env/bin/flower-client-app
2024-05-21T19:29:24	71376	72.7	1151.53	93	 5909	/home/lytvyn/miniconda3/envs/fl_env/bin/flower-client-app
2024-05-21T19:29:24	71410	72.3	1151	93	 5909	/home/lytvyn/miniconda3/envs/fl_env/bin/flower-client-app
2024-05-21T19:29:24	71233	9.9	1043.88	93	 5909	/home/lytvyn/miniconda3/envs/fl_env/bin/flower-server-app
2024-05-21T19:29:25	71233	6.9	519.75	93	 5909	/home/lytvyn/miniconda3/envs/fl_env/bin/flower-superlink
2024-05-21T19:29:25	71330	72.8	1152.13	93	 5909	/home/lytvyn/miniconda3/envs/fl_env/bin/flower-client-app
2024-05-21T19:29:25	71376	72.9	1151.53	93	 5909	/home/lytvyn/miniconda3/envs/fl_env/bin/flower-client-app
2024-05-21T19:29:25	71410	72.6	1151	93	 5909	/home/lytvyn/miniconda3/envs/fl_env/bin/flower-client-app
2024-05-21T19:29:25	71233	9.9	1043.88	93	 5909	/home/lytvyn/miniconda3/envs/fl_env/bin/flower-server-app
2024-05-21T19:29:26	71233	6.8	519.75	94	 5909	/home/lytvyn/miniconda3/envs/fl_env/bin/flower-superlink
2024-05-21T19:29:26	71330	73.1	1152.13	94	 5909	/home/lytvyn/miniconda3/envs/fl_env/bin/flower-client-app
2024-05-21T19:29:26	71376	73.2	1151.53	94	 5909	/home/lytvyn/miniconda3/envs/fl_env/bin/flower-client-app
2024-05-21T19:29:26	71410	72.8	1151	94	 5909	/home/lytvyn/miniconda3/envs/fl_env/bin/flower-client-app
2024-05-21T19:29:26	71233	9.8	1043.88	94	 5909	/home/lytvyn/miniconda3/envs/fl_env/bin/flower-server-app
2024-05-21T19:29:27	71233	6.7	519.75	82	 5909	/home/lytvyn/miniconda3/envs/fl_env/bin/flower-superlink
2024-05-21T19:29:27	71330	73.2	1153.63	82	 5909	/home/lytvyn/miniconda3/envs/fl_env/bin/flower-client-app
2024-05-21T19:29:27	71376	73.5	1152.78	82	 5909	/home/lytvyn/miniconda3/envs/fl_env/bin/flower-client-app
2024-05-21T19:29:27	71410	72.8	1152.75	82	 5909	/home/lytvyn/miniconda3/envs/fl_env/bin/flower-client-app
2024-05-21T19:29:27	71233	9.7	1043.88	82	 5909	/home/lytvyn/miniconda3/envs/fl_env/bin/flower-server-app
2024-05-21T19:29:28	71233	6.7	519.75	0	 5909	/home/lytvyn/miniconda3/envs/fl_env/bin/flower-superlink
2024-05-21T19:29:28	71330	72.6	1153.63	0	 5909	/home/lytvyn/miniconda3/envs/fl_env/bin/flower-client-app
2024-05-21T19:29:28	71376	72.8	1152.78	0	 5909	/home/lytvyn/miniconda3/envs/fl_env/bin/flower-client-app
2024-05-21T19:29:28	71410	72.2	1152.75	0	 5909	/home/lytvyn/miniconda3/envs/fl_env/bin/flower-client-app
2024-05-21T19:29:28	71233	9.6	1043.88	0	 5909	/home/lytvyn/miniconda3/envs/fl_env/bin/flower-server-app
2024-05-21T19:29:29	71233	6.6	519.75	16	 5909	/home/lytvyn/miniconda3/envs/fl_env/bin/flower-superlink
2024-05-21T19:29:29	71330	72.0	1153.63	16	 5909	/home/lytvyn/miniconda3/envs/fl_env/bin/flower-client-app
2024-05-21T19:29:29	71376	72.2	1152.78	16	 5909	/home/lytvyn/miniconda3/envs/fl_env/bin/flower-client-app
2024-05-21T19:29:29	71410	71.6	1152.75	16	 5909	/home/lytvyn/miniconda3/envs/fl_env/bin/flower-client-app
2024-05-21T19:29:29	71233	9.9	1051.34	16	 5909	/home/lytvyn/miniconda3/envs/fl_env/bin/flower-server-app
2024-05-21T19:29:30	71233	6.6	519.75	4	 5909	/home/lytvyn/miniconda3/envs/fl_env/bin/flower-superlink
2024-05-21T19:29:30	71330	71.6	1155.38	4	 5909	/home/lytvyn/miniconda3/envs/fl_env/bin/flower-client-app
2024-05-21T19:29:30	71376	71.7	1153.78	4	 5909	/home/lytvyn/miniconda3/envs/fl_env/bin/flower-client-app
2024-05-21T19:29:30	71410	71.2	1154.5	4	 5909	/home/lytvyn/miniconda3/envs/fl_env/bin/flower-client-app
2024-05-21T19:29:30	71233	9.8	1051.34	4	 5909	/home/lytvyn/miniconda3/envs/fl_env/bin/flower-server-app
2024-05-21T19:29:31	71233	6.5	519.75	0	 5909	/home/lytvyn/miniconda3/envs/fl_env/bin/flower-superlink
2024-05-21T19:29:31	71330	71.0	1156.38	0	 5909	/home/lytvyn/miniconda3/envs/fl_env/bin/flower-client-app
2024-05-21T19:29:31	71376	71.2	1154.78	0	 5909	/home/lytvyn/miniconda3/envs/fl_env/bin/flower-client-app
2024-05-21T19:29:31	71410	70.6	1154.5	0	 5909	/home/lytvyn/miniconda3/envs/fl_env/bin/flower-client-app
2024-05-21T19:29:31	71233	9.7	1051.34	0	 5909	/home/lytvyn/miniconda3/envs/fl_env/bin/flower-server-app
2024-05-21T19:29:32	71233	6.5	519.75	0	 5909	/home/lytvyn/miniconda3/envs/fl_env/bin/flower-superlink
2024-05-21T19:29:32	71330	70.4	1156.38	0	 5909	/home/lytvyn/miniconda3/envs/fl_env/bin/flower-client-app
2024-05-21T19:29:32	71376	70.6	1154.78	0	 5909	/home/lytvyn/miniconda3/envs/fl_env/bin/flower-client-app
2024-05-21T19:29:32	71410	70.0	1154.5	0	 5909	/home/lytvyn/miniconda3/envs/fl_env/bin/flower-client-app
2024-05-21T19:29:32	71233	9.6	1051.34	0	 5909	/home/lytvyn/miniconda3/envs/fl_env/bin/flower-server-app
2024-05-21T19:29:33	71233	6.5	519.75	0	 5909	/home/lytvyn/miniconda3/envs/fl_env/bin/flower-superlink
2024-05-21T19:29:33	71330	69.9	1156.88	0	 5909	/home/lytvyn/miniconda3/envs/fl_env/bin/flower-client-app
2024-05-21T19:29:33	71376	70.0	1155.03	0	 5909	/home/lytvyn/miniconda3/envs/fl_env/bin/flower-client-app
2024-05-21T19:29:33	71410	69.7	1144.16	0	 5909	/home/lytvyn/miniconda3/envs/fl_env/bin/flower-client-app
2024-05-21T19:29:33	71233	9.6	1051.34	0	 5909	/home/lytvyn/miniconda3/envs/fl_env/bin/flower-server-app
2024-05-21T19:29:34	71233	6.4	519.75	0	 5909	/home/lytvyn/miniconda3/envs/fl_env/bin/flower-superlink
2024-05-21T19:29:34	71330	70.2	1176.81	0	 5909	/home/lytvyn/miniconda3/envs/fl_env/bin/flower-client-app
2024-05-21T19:29:34	71376	70.3	1172.56	0	 5909	/home/lytvyn/miniconda3/envs/fl_env/bin/flower-client-app
2024-05-21T19:29:34	71410	70.0	1185.39	0	 5909	/home/lytvyn/miniconda3/envs/fl_env/bin/flower-client-app
2024-05-21T19:29:34	71233	9.5	1051.34	0	 5909	/home/lytvyn/miniconda3/envs/fl_env/bin/flower-server-app
2024-05-21T19:29:35	71233	6.3	519.75	93	 5909	/home/lytvyn/miniconda3/envs/fl_env/bin/flower-superlink
2024-05-21T19:29:35	71330	70.4	1187.06	93	 5909	/home/lytvyn/miniconda3/envs/fl_env/bin/flower-client-app
2024-05-21T19:29:35	71376	70.6	1186.06	93	 5909	/home/lytvyn/miniconda3/envs/fl_env/bin/flower-client-app
2024-05-21T19:29:35	71410	70.3	1185.64	93	 5909	/home/lytvyn/miniconda3/envs/fl_env/bin/flower-client-app
2024-05-21T19:29:35	71233	9.4	1051.34	93	 5909	/home/lytvyn/miniconda3/envs/fl_env/bin/flower-server-app
2024-05-21T19:29:37	71233	6.3	519.75	93	 5909	/home/lytvyn/miniconda3/envs/fl_env/bin/flower-superlink
2024-05-21T19:29:37	71330	70.7	1187.06	93	 5909	/home/lytvyn/miniconda3/envs/fl_env/bin/flower-client-app
2024-05-21T19:29:37	71376	70.8	1186.06	93	 5909	/home/lytvyn/miniconda3/envs/fl_env/bin/flower-client-app
2024-05-21T19:29:37	71410	70.6	1185.64	93	 5909	/home/lytvyn/miniconda3/envs/fl_env/bin/flower-client-app
2024-05-21T19:29:37	71233	9.3	1051.34	93	 5909	/home/lytvyn/miniconda3/envs/fl_env/bin/flower-server-app
2024-05-21T19:29:38	71233	6.2	519.75	93	 5909	/home/lytvyn/miniconda3/envs/fl_env/bin/flower-superlink
2024-05-21T19:29:38	71330	70.8	1187.06	93	 5909	/home/lytvyn/miniconda3/envs/fl_env/bin/flower-client-app
2024-05-21T19:29:38	71376	71.0	1186.06	93	 5909	/home/lytvyn/miniconda3/envs/fl_env/bin/flower-client-app
2024-05-21T19:29:38	71410	70.7	1185.64	93	 5909	/home/lytvyn/miniconda3/envs/fl_env/bin/flower-client-app
2024-05-21T19:29:38	71233	9.3	1051.34	93	 5909	/home/lytvyn/miniconda3/envs/fl_env/bin/flower-server-app
2024-05-21T19:29:39	71233	6.2	519.75	93	 5909	/home/lytvyn/miniconda3/envs/fl_env/bin/flower-superlink
2024-05-21T19:29:39	71330	71.0	1187.06	93	 5909	/home/lytvyn/miniconda3/envs/fl_env/bin/flower-client-app
2024-05-21T19:29:39	71376	71.2	1186.06	93	 5909	/home/lytvyn/miniconda3/envs/fl_env/bin/flower-client-app
2024-05-21T19:29:39	71410	70.9	1185.64	93	 5909	/home/lytvyn/miniconda3/envs/fl_env/bin/flower-client-app
2024-05-21T19:29:39	71233	9.2	1051.34	93	 5909	/home/lytvyn/miniconda3/envs/fl_env/bin/flower-server-app
2024-05-21T19:29:40	71233	6.1	519.75	93	 5909	/home/lytvyn/miniconda3/envs/fl_env/bin/flower-superlink
2024-05-21T19:29:40	71330	71.2	1187.06	93	 5909	/home/lytvyn/miniconda3/envs/fl_env/bin/flower-client-app
2024-05-21T19:29:40	71376	71.4	1186.06	93	 5909	/home/lytvyn/miniconda3/envs/fl_env/bin/flower-client-app
2024-05-21T19:29:40	71410	71.1	1185.64	93	 5909	/home/lytvyn/miniconda3/envs/fl_env/bin/flower-client-app
2024-05-21T19:29:40	71233	9.1	1051.34	93	 5909	/home/lytvyn/miniconda3/envs/fl_env/bin/flower-server-app
2024-05-21T19:29:41	71233	6.1	519.75	93	 5909	/home/lytvyn/miniconda3/envs/fl_env/bin/flower-superlink
2024-05-21T19:29:41	71330	71.4	1187.06	93	 5909	/home/lytvyn/miniconda3/envs/fl_env/bin/flower-client-app
2024-05-21T19:29:41	71376	71.6	1186.06	93	 5909	/home/lytvyn/miniconda3/envs/fl_env/bin/flower-client-app
2024-05-21T19:29:41	71410	71.3	1185.64	93	 5909	/home/lytvyn/miniconda3/envs/fl_env/bin/flower-client-app
2024-05-21T19:29:41	71233	9.0	1051.34	93	 5909	/home/lytvyn/miniconda3/envs/fl_env/bin/flower-server-app
2024-05-21T19:29:42	71233	6.0	519.75	93	 5909	/home/lytvyn/miniconda3/envs/fl_env/bin/flower-superlink
2024-05-21T19:29:42	71330	71.1	1187.06	93	 5909	/home/lytvyn/miniconda3/envs/fl_env/bin/flower-client-app
2024-05-21T19:29:42	71376	71.2	1186.06	93	 5909	/home/lytvyn/miniconda3/envs/fl_env/bin/flower-client-app
2024-05-21T19:29:42	71410	70.9	1185.64	93	 5909	/home/lytvyn/miniconda3/envs/fl_env/bin/flower-client-app
2024-05-21T19:29:42	71233	8.9	1051.34	93	 5909	/home/lytvyn/miniconda3/envs/fl_env/bin/flower-server-app
2024-05-21T19:29:43	71233	6.0	519.75	93	 5909	/home/lytvyn/miniconda3/envs/fl_env/bin/flower-superlink
2024-05-21T19:29:43	71330	71.2	1187.06	93	 5909	/home/lytvyn/miniconda3/envs/fl_env/bin/flower-client-app
2024-05-21T19:29:43	71376	71.4	1186.06	93	 5909	/home/lytvyn/miniconda3/envs/fl_env/bin/flower-client-app
2024-05-21T19:29:43	71410	71.1	1185.64	93	 5909	/home/lytvyn/miniconda3/envs/fl_env/bin/flower-client-app
2024-05-21T19:29:43	71233	8.8	1051.34	93	 5909	/home/lytvyn/miniconda3/envs/fl_env/bin/flower-server-app
2024-05-21T19:29:44	71233	5.9	519.75	93	 5909	/home/lytvyn/miniconda3/envs/fl_env/bin/flower-superlink
2024-05-21T19:29:44	71330	71.5	1187.06	93	 5909	/home/lytvyn/miniconda3/envs/fl_env/bin/flower-client-app
2024-05-21T19:29:44	71376	71.7	1186.06	93	 5909	/home/lytvyn/miniconda3/envs/fl_env/bin/flower-client-app
2024-05-21T19:29:44	71410	71.4	1185.64	93	 5909	/home/lytvyn/miniconda3/envs/fl_env/bin/flower-client-app
2024-05-21T19:29:44	71233	8.8	1051.34	93	 5909	/home/lytvyn/miniconda3/envs/fl_env/bin/flower-server-app
2024-05-21T19:29:45	71233	5.9	519.75	91	 5909	/home/lytvyn/miniconda3/envs/fl_env/bin/flower-superlink
2024-05-21T19:29:45	71330	71.7	1187.06	91	 5909	/home/lytvyn/miniconda3/envs/fl_env/bin/flower-client-app
2024-05-21T19:29:45	71376	72.0	1186.06	91	 5909	/home/lytvyn/miniconda3/envs/fl_env/bin/flower-client-app
2024-05-21T19:29:45	71410	71.5	1185.63	91	 5909	/home/lytvyn/miniconda3/envs/fl_env/bin/flower-client-app
2024-05-21T19:29:45	71233	8.7	1051.34	91	 5909	/home/lytvyn/miniconda3/envs/fl_env/bin/flower-server-app
2024-05-21T19:29:46	71233	5.8	519.75	0	 5909	/home/lytvyn/miniconda3/envs/fl_env/bin/flower-superlink
2024-05-21T19:29:46	71330	71.6	1187.81	0	 5909	/home/lytvyn/miniconda3/envs/fl_env/bin/flower-client-app
2024-05-21T19:29:46	71376	71.6	1186.31	0	 5909	/home/lytvyn/miniconda3/envs/fl_env/bin/flower-client-app
2024-05-21T19:29:46	71410	71.0	1185.63	0	 5909	/home/lytvyn/miniconda3/envs/fl_env/bin/flower-client-app
2024-05-21T19:29:46	71233	8.6	1051.34	0	 5909	/home/lytvyn/miniconda3/envs/fl_env/bin/flower-server-app
2024-05-21T19:29:47	71233	5.8	519.75	0	 5909	/home/lytvyn/miniconda3/envs/fl_env/bin/flower-superlink
2024-05-21T19:29:47	71330	71.0	1187.81	0	 5909	/home/lytvyn/miniconda3/envs/fl_env/bin/flower-client-app
2024-05-21T19:29:47	71376	71.1	1186.31	0	 5909	/home/lytvyn/miniconda3/envs/fl_env/bin/flower-client-app
2024-05-21T19:29:47	71410	70.5	1185.63	0	 5909	/home/lytvyn/miniconda3/envs/fl_env/bin/flower-client-app
2024-05-21T19:29:47	71233	8.6	1051.34	0	 5909	/home/lytvyn/miniconda3/envs/fl_env/bin/flower-server-app
2024-05-21T19:29:48	71233	5.8	519.75	12	 5909	/home/lytvyn/miniconda3/envs/fl_env/bin/flower-superlink
2024-05-21T19:29:48	71330	70.5	1187.81	12	 5909	/home/lytvyn/miniconda3/envs/fl_env/bin/flower-client-app
2024-05-21T19:29:48	71376	70.5	1186.31	12	 5909	/home/lytvyn/miniconda3/envs/fl_env/bin/flower-client-app
2024-05-21T19:29:48	71410	70.1	1186.13	12	 5909	/home/lytvyn/miniconda3/envs/fl_env/bin/flower-client-app
2024-05-21T19:29:48	71233	8.8	1060.31	12	 5909	/home/lytvyn/miniconda3/envs/fl_env/bin/flower-server-app
2024-05-21T19:29:49	71233	5.7	519.75	0	 5909	/home/lytvyn/miniconda3/envs/fl_env/bin/flower-superlink
2024-05-21T19:29:49	71330	70.2	1179.76	0	 5909	/home/lytvyn/miniconda3/envs/fl_env/bin/flower-client-app
2024-05-21T19:29:49	71376	70.3	1178.94	0	 5909	/home/lytvyn/miniconda3/envs/fl_env/bin/flower-client-app
2024-05-21T19:29:49	71410	69.7	1186.13	0	 5909	/home/lytvyn/miniconda3/envs/fl_env/bin/flower-client-app
2024-05-21T19:29:49	71233	8.8	1060.31	0	 5909	/home/lytvyn/miniconda3/envs/fl_env/bin/flower-server-app
2024-05-21T19:29:50	71233	5.7	519.75	0	 5909	/home/lytvyn/miniconda3/envs/fl_env/bin/flower-superlink
2024-05-21T19:29:50	71330	69.7	1179.76	0	 5909	/home/lytvyn/miniconda3/envs/fl_env/bin/flower-client-app
2024-05-21T19:29:50	71376	69.8	1178.94	0	 5909	/home/lytvyn/miniconda3/envs/fl_env/bin/flower-client-app
2024-05-21T19:29:50	71410	69.2	1186.13	0	 5909	/home/lytvyn/miniconda3/envs/fl_env/bin/flower-client-app
2024-05-21T19:29:50	71233	8.7	1060.31	0	 5909	/home/lytvyn/miniconda3/envs/fl_env/bin/flower-server-app
2024-05-21T19:29:51	71233	5.7	519.75	0	 5909	/home/lytvyn/miniconda3/envs/fl_env/bin/flower-superlink
2024-05-21T19:29:51	71330	69.2	1179.76	0	 5909	/home/lytvyn/miniconda3/envs/fl_env/bin/flower-client-app
2024-05-21T19:29:51	71376	69.3	1178.94	0	 5909	/home/lytvyn/miniconda3/envs/fl_env/bin/flower-client-app
2024-05-21T19:29:51	71410	68.7	1186.63	0	 5909	/home/lytvyn/miniconda3/envs/fl_env/bin/flower-client-app
2024-05-21T19:29:51	71233	8.6	1060.31	0	 5909	/home/lytvyn/miniconda3/envs/fl_env/bin/flower-server-app
2024-05-21T19:29:52	71233	5.6	519.75	0	 5909	/home/lytvyn/miniconda3/envs/fl_env/bin/flower-superlink
2024-05-21T19:29:52	71330	69.1	1187.79	0	 5909	/home/lytvyn/miniconda3/envs/fl_env/bin/flower-client-app
2024-05-21T19:29:52	71376	69.3	1194.37	0	 5909	/home/lytvyn/miniconda3/envs/fl_env/bin/flower-client-app
2024-05-21T19:29:52	71410	68.9	1198.4	0	 5909	/home/lytvyn/miniconda3/envs/fl_env/bin/flower-client-app
2024-05-21T19:29:52	71233	8.6	1060.31	0	 5909	/home/lytvyn/miniconda3/envs/fl_env/bin/flower-server-app
2024-05-21T19:29:53	71233	5.6	519.75	93	 5909	/home/lytvyn/miniconda3/envs/fl_env/bin/flower-superlink
2024-05-21T19:29:53	71330	69.3	1226.53	93	 5909	/home/lytvyn/miniconda3/envs/fl_env/bin/flower-client-app
2024-05-21T19:29:53	71376	69.5	1225.02	93	 5909	/home/lytvyn/miniconda3/envs/fl_env/bin/flower-client-app
2024-05-21T19:29:53	71410	69.2	1163	93	 5909	/home/lytvyn/miniconda3/envs/fl_env/bin/flower-client-app
2024-05-21T19:29:53	71233	8.5	1060.31	93	 5909	/home/lytvyn/miniconda3/envs/fl_env/bin/flower-server-app
2024-05-21T19:29:54	71233	5.5	519.75	93	 5909	/home/lytvyn/miniconda3/envs/fl_env/bin/flower-superlink
2024-05-21T19:29:54	71330	69.6	1226.53	93	 5909	/home/lytvyn/miniconda3/envs/fl_env/bin/flower-client-app
2024-05-21T19:29:54	71376	69.8	1225.02	93	 5909	/home/lytvyn/miniconda3/envs/fl_env/bin/flower-client-app
2024-05-21T19:29:54	71410	69.5	1163	93	 5909	/home/lytvyn/miniconda3/envs/fl_env/bin/flower-client-app
2024-05-21T19:29:54	71233	8.5	1060.31	93	 5909	/home/lytvyn/miniconda3/envs/fl_env/bin/flower-server-app
2024-05-21T19:29:55	71233	5.5	519.75	93	 5909	/home/lytvyn/miniconda3/envs/fl_env/bin/flower-superlink
2024-05-21T19:29:55	71330	69.8	1226.78	93	 5909	/home/lytvyn/miniconda3/envs/fl_env/bin/flower-client-app
2024-05-21T19:29:55	71376	70.0	1225.02	93	 5909	/home/lytvyn/miniconda3/envs/fl_env/bin/flower-client-app
2024-05-21T19:29:55	71410	69.7	1163	93	 5909	/home/lytvyn/miniconda3/envs/fl_env/bin/flower-client-app
2024-05-21T19:29:55	71233	8.4	1060.31	93	 5909	/home/lytvyn/miniconda3/envs/fl_env/bin/flower-server-app
2024-05-21T19:29:56	71233	5.5	519.75	93	 5909	/home/lytvyn/miniconda3/envs/fl_env/bin/flower-superlink
2024-05-21T19:29:56	71330	70.1	1226.78	93	 5909	/home/lytvyn/miniconda3/envs/fl_env/bin/flower-client-app
2024-05-21T19:29:56	71376	70.3	1225.02	93	 5909	/home/lytvyn/miniconda3/envs/fl_env/bin/flower-client-app
2024-05-21T19:29:56	71410	69.9	1163	93	 5909	/home/lytvyn/miniconda3/envs/fl_env/bin/flower-client-app
2024-05-21T19:29:56	71233	8.3	1060.31	93	 5909	/home/lytvyn/miniconda3/envs/fl_env/bin/flower-server-app
2024-05-21T19:29:57	71233	5.4	519.75	94	 5909	/home/lytvyn/miniconda3/envs/fl_env/bin/flower-superlink
2024-05-21T19:29:57	71330	70.4	1226.78	94	 5909	/home/lytvyn/miniconda3/envs/fl_env/bin/flower-client-app
2024-05-21T19:29:57	71376	70.6	1225.02	94	 5909	/home/lytvyn/miniconda3/envs/fl_env/bin/flower-client-app
2024-05-21T19:29:57	71410	70.2	1163	94	 5909	/home/lytvyn/miniconda3/envs/fl_env/bin/flower-client-app
2024-05-21T19:29:57	71233	8.3	1060.31	94	 5909	/home/lytvyn/miniconda3/envs/fl_env/bin/flower-server-app
2024-05-21T19:29:58	71233	5.4	519.75	94	 5909	/home/lytvyn/miniconda3/envs/fl_env/bin/flower-superlink
2024-05-21T19:29:58	71330	70.6	1226.78	94	 5909	/home/lytvyn/miniconda3/envs/fl_env/bin/flower-client-app
2024-05-21T19:29:58	71376	70.8	1225.02	94	 5909	/home/lytvyn/miniconda3/envs/fl_env/bin/flower-client-app
2024-05-21T19:29:58	71410	70.5	1163	94	 5909	/home/lytvyn/miniconda3/envs/fl_env/bin/flower-client-app
2024-05-21T19:29:58	71233	8.2	1060.31	94	 5909	/home/lytvyn/miniconda3/envs/fl_env/bin/flower-server-app
2024-05-21T19:29:59	71233	5.4	519.75	93	 5909	/home/lytvyn/miniconda3/envs/fl_env/bin/flower-superlink
2024-05-21T19:29:59	71330	70.8	1226.78	93	 5909	/home/lytvyn/miniconda3/envs/fl_env/bin/flower-client-app
2024-05-21T19:29:59	71376	71.1	1225.02	93	 5909	/home/lytvyn/miniconda3/envs/fl_env/bin/flower-client-app
2024-05-21T19:29:59	71410	70.7	1163	93	 5909	/home/lytvyn/miniconda3/envs/fl_env/bin/flower-client-app
2024-05-21T19:29:59	71233	8.2	1060.31	93	 5909	/home/lytvyn/miniconda3/envs/fl_env/bin/flower-server-app
2024-05-21T19:30:00	71233	5.3	519.75	93	 5909	/home/lytvyn/miniconda3/envs/fl_env/bin/flower-superlink
2024-05-21T19:30:00	71330	71.1	1226.78	93	 5909	/home/lytvyn/miniconda3/envs/fl_env/bin/flower-client-app
2024-05-21T19:30:00	71376	71.3	1225.02	93	 5909	/home/lytvyn/miniconda3/envs/fl_env/bin/flower-client-app
2024-05-21T19:30:00	71410	70.9	1163	93	 5909	/home/lytvyn/miniconda3/envs/fl_env/bin/flower-client-app
2024-05-21T19:30:00	71233	8.1	1060.31	93	 5909	/home/lytvyn/miniconda3/envs/fl_env/bin/flower-server-app
2024-05-21T19:30:01	71233	5.3	519.75	93	 5909	/home/lytvyn/miniconda3/envs/fl_env/bin/flower-superlink
2024-05-21T19:30:01	71330	71.3	1226.78	93	 5909	/home/lytvyn/miniconda3/envs/fl_env/bin/flower-client-app
2024-05-21T19:30:01	71376	71.5	1225.02	93	 5909	/home/lytvyn/miniconda3/envs/fl_env/bin/flower-client-app
2024-05-21T19:30:01	71410	71.2	1163	93	 5909	/home/lytvyn/miniconda3/envs/fl_env/bin/flower-client-app
2024-05-21T19:30:01	71233	8.1	1060.31	93	 5909	/home/lytvyn/miniconda3/envs/fl_env/bin/flower-server-app
2024-05-21T19:30:02	71233	5.3	519.75	93	 5909	/home/lytvyn/miniconda3/envs/fl_env/bin/flower-superlink
2024-05-21T19:30:02	71330	71.5	1226.78	93	 5909	/home/lytvyn/miniconda3/envs/fl_env/bin/flower-client-app
2024-05-21T19:30:02	71376	71.7	1225.02	93	 5909	/home/lytvyn/miniconda3/envs/fl_env/bin/flower-client-app
2024-05-21T19:30:02	71410	71.4	1163	93	 5909	/home/lytvyn/miniconda3/envs/fl_env/bin/flower-client-app
2024-05-21T19:30:02	71233	8.0	1060.31	93	 5909	/home/lytvyn/miniconda3/envs/fl_env/bin/flower-server-app
2024-05-21T19:30:03	71233	5.2	519.75	15	 5909	/home/lytvyn/miniconda3/envs/fl_env/bin/flower-superlink
2024-05-21T19:30:03	71330	71.6	1226.78	15	 5909	/home/lytvyn/miniconda3/envs/fl_env/bin/flower-client-app
2024-05-21T19:30:03	71376	71.7	1225.02	15	 5909	/home/lytvyn/miniconda3/envs/fl_env/bin/flower-client-app
2024-05-21T19:30:03	71410	71.2	1164.75	15	 5909	/home/lytvyn/miniconda3/envs/fl_env/bin/flower-client-app
2024-05-21T19:30:03	71233	7.9	1060.31	15	 5909	/home/lytvyn/miniconda3/envs/fl_env/bin/flower-server-app
2024-05-21T19:30:04	71233	5.2	519.75	0	 5909	/home/lytvyn/miniconda3/envs/fl_env/bin/flower-superlink
2024-05-21T19:30:04	71330	71.2	1226.78	0	 5909	/home/lytvyn/miniconda3/envs/fl_env/bin/flower-client-app
2024-05-21T19:30:04	71376	71.2	1225.02	0	 5909	/home/lytvyn/miniconda3/envs/fl_env/bin/flower-client-app
2024-05-21T19:30:04	71410	70.7	1164.75	0	 5909	/home/lytvyn/miniconda3/envs/fl_env/bin/flower-client-app
2024-05-21T19:30:04	71233	7.9	1060.31	0	 5909	/home/lytvyn/miniconda3/envs/fl_env/bin/flower-server-app
2024-05-21T19:30:05	71233	5.2	519.75	0	 5909	/home/lytvyn/miniconda3/envs/fl_env/bin/flower-superlink
2024-05-21T19:30:05	71330	70.7	1226.78	0	 5909	/home/lytvyn/miniconda3/envs/fl_env/bin/flower-client-app
2024-05-21T19:30:05	71376	70.7	1225.02	0	 5909	/home/lytvyn/miniconda3/envs/fl_env/bin/flower-client-app
2024-05-21T19:30:05	71410	70.3	1164.75	0	 5909	/home/lytvyn/miniconda3/envs/fl_env/bin/flower-client-app
2024-05-21T19:30:05	71233	7.9	1060.31	0	 5909	/home/lytvyn/miniconda3/envs/fl_env/bin/flower-server-app
2024-05-21T19:30:06	71233	5.1	519.75	0	 5909	/home/lytvyn/miniconda3/envs/fl_env/bin/flower-superlink
2024-05-21T19:30:06	71330	70.4	1214.88	0	 5909	/home/lytvyn/miniconda3/envs/fl_env/bin/flower-client-app
2024-05-21T19:30:06	71376	70.3	1225.02	0	 5909	/home/lytvyn/miniconda3/envs/fl_env/bin/flower-client-app
2024-05-21T19:30:06	71410	69.8	1164.75	0	 5909	/home/lytvyn/miniconda3/envs/fl_env/bin/flower-client-app
2024-05-21T19:30:06	71233	8.1	1069.64	0	 5909	/home/lytvyn/miniconda3/envs/fl_env/bin/flower-server-app
2024-05-21T19:30:07	71233	5.1	519.75	0	 5909	/home/lytvyn/miniconda3/envs/fl_env/bin/flower-superlink
2024-05-21T19:30:07	71330	70.2	1214.88	0	 5909	/home/lytvyn/miniconda3/envs/fl_env/bin/flower-client-app
2024-05-21T19:30:07	71376	69.8	1225.02	0	 5909	/home/lytvyn/miniconda3/envs/fl_env/bin/flower-client-app
2024-05-21T19:30:07	71410	69.4	1164.75	0	 5909	/home/lytvyn/miniconda3/envs/fl_env/bin/flower-client-app
2024-05-21T19:30:07	71233	8.0	1069.64	0	 5909	/home/lytvyn/miniconda3/envs/fl_env/bin/flower-server-app
2024-05-21T19:30:09	71233	5.1	519.75	0	 5909	/home/lytvyn/miniconda3/envs/fl_env/bin/flower-superlink
2024-05-21T19:30:09	71330	69.7	1214.88	0	 5909	/home/lytvyn/miniconda3/envs/fl_env/bin/flower-client-app
2024-05-21T19:30:09	71376	69.4	1225.02	0	 5909	/home/lytvyn/miniconda3/envs/fl_env/bin/flower-client-app
2024-05-21T19:30:09	71410	68.9	1164.75	0	 5909	/home/lytvyn/miniconda3/envs/fl_env/bin/flower-client-app
2024-05-21T19:30:09	71233	8.0	1069.64	0	 5909	/home/lytvyn/miniconda3/envs/fl_env/bin/flower-server-app
2024-05-21T19:30:10	71233	5.1	519.75	3	 5909	/home/lytvyn/miniconda3/envs/fl_env/bin/flower-superlink
2024-05-21T19:30:10	71330	69.3	1214.88	3	 5909	/home/lytvyn/miniconda3/envs/fl_env/bin/flower-client-app
2024-05-21T19:30:10	71376	69.3	1213.48	3	 5909	/home/lytvyn/miniconda3/envs/fl_env/bin/flower-client-app
2024-05-21T19:30:10	71410	68.7	1166.75	3	 5909	/home/lytvyn/miniconda3/envs/fl_env/bin/flower-client-app
2024-05-21T19:30:10	71233	7.9	1069.64	3	 5909	/home/lytvyn/miniconda3/envs/fl_env/bin/flower-server-app
2024-05-21T19:30:11	71233	5.0	519.75	0	 5909	/home/lytvyn/miniconda3/envs/fl_env/bin/flower-superlink
2024-05-21T19:30:11	71330	68.8	1214.88	0	 5909	/home/lytvyn/miniconda3/envs/fl_env/bin/flower-client-app
2024-05-21T19:30:11	71376	68.8	1213.48	0	 5909	/home/lytvyn/miniconda3/envs/fl_env/bin/flower-client-app
2024-05-21T19:30:11	71410	68.3	1166.75	0	 5909	/home/lytvyn/miniconda3/envs/fl_env/bin/flower-client-app
2024-05-21T19:30:11	71233	7.9	1069.64	0	 5909	/home/lytvyn/miniconda3/envs/fl_env/bin/flower-server-app
2024-05-21T19:30:12	71233	5.0	519.75	0	 5909	/home/lytvyn/miniconda3/envs/fl_env/bin/flower-superlink
2024-05-21T19:30:12	71330	68.0	1214.88	0	 5909	/home/lytvyn/miniconda3/envs/fl_env/bin/flower-client-app
2024-05-21T19:30:12	71376	68.0	1213.48	0	 5909	/home/lytvyn/miniconda3/envs/fl_env/bin/flower-client-app
2024-05-21T19:30:12	71410	67.4	1166.75	0	 5909	/home/lytvyn/miniconda3/envs/fl_env/bin/flower-client-app
2024-05-21T19:30:12	71233	7.8	1069.64	0	 5909	/home/lytvyn/miniconda3/envs/fl_env/bin/flower-server-app
2024-05-21T19:30:13	71233	4.9	519.75	0	 5909	/home/lytvyn/miniconda3/envs/fl_env/bin/flower-superlink
2024-05-21T19:30:13	71330	67.5	1214.88	0	 5909	/home/lytvyn/miniconda3/envs/fl_env/bin/flower-client-app
2024-05-21T19:30:13	71376	67.7	1140.16	0	 5909	/home/lytvyn/miniconda3/envs/fl_env/bin/flower-client-app
2024-05-21T19:30:13	71410	67.3	1159.32	0	 5909	/home/lytvyn/miniconda3/envs/fl_env/bin/flower-client-app
2024-05-21T19:30:13	71233	7.7	1069.64	0	 5909	/home/lytvyn/miniconda3/envs/fl_env/bin/flower-server-app
2024-05-21T19:30:14	71233	4.9	519.75	63	 5909	/home/lytvyn/miniconda3/envs/fl_env/bin/flower-superlink
2024-05-21T19:30:14	71330	67.7	1148.9	63	 5909	/home/lytvyn/miniconda3/envs/fl_env/bin/flower-client-app
2024-05-21T19:30:14	71376	67.9	1162.54	63	 5909	/home/lytvyn/miniconda3/envs/fl_env/bin/flower-client-app
2024-05-21T19:30:14	71410	67.6	1194.13	63	 5909	/home/lytvyn/miniconda3/envs/fl_env/bin/flower-client-app
2024-05-21T19:30:14	71233	7.7	1069.64	63	 5909	/home/lytvyn/miniconda3/envs/fl_env/bin/flower-server-app
2024-05-21T19:30:15	71233	4.9	519.75	94	 5909	/home/lytvyn/miniconda3/envs/fl_env/bin/flower-superlink
2024-05-21T19:30:15	71330	67.9	1164.4	94	 5909	/home/lytvyn/miniconda3/envs/fl_env/bin/flower-client-app
2024-05-21T19:30:15	71376	68.1	1163.04	94	 5909	/home/lytvyn/miniconda3/envs/fl_env/bin/flower-client-app
2024-05-21T19:30:15	71410	67.8	1194.13	94	 5909	/home/lytvyn/miniconda3/envs/fl_env/bin/flower-client-app
2024-05-21T19:30:15	71233	7.7	1069.64	94	 5909	/home/lytvyn/miniconda3/envs/fl_env/bin/flower-server-app
2024-05-21T19:30:16	71233	4.9	519.75	93	 5909	/home/lytvyn/miniconda3/envs/fl_env/bin/flower-superlink
2024-05-21T19:30:16	71330	68.1	1164.4	93	 5909	/home/lytvyn/miniconda3/envs/fl_env/bin/flower-client-app
2024-05-21T19:30:16	71376	68.3	1163.04	93	 5909	/home/lytvyn/miniconda3/envs/fl_env/bin/flower-client-app
2024-05-21T19:30:16	71410	68.0	1194.13	93	 5909	/home/lytvyn/miniconda3/envs/fl_env/bin/flower-client-app
2024-05-21T19:30:16	71233	7.6	1069.64	93	 5909	/home/lytvyn/miniconda3/envs/fl_env/bin/flower-server-app
2024-05-21T19:30:17	71233	4.8	519.75	93	 5909	/home/lytvyn/miniconda3/envs/fl_env/bin/flower-superlink
2024-05-21T19:30:17	71330	68.3	1164.65	93	 5909	/home/lytvyn/miniconda3/envs/fl_env/bin/flower-client-app
2024-05-21T19:30:17	71376	68.5	1163.29	93	 5909	/home/lytvyn/miniconda3/envs/fl_env/bin/flower-client-app
2024-05-21T19:30:17	71410	68.2	1194.13	93	 5909	/home/lytvyn/miniconda3/envs/fl_env/bin/flower-client-app
2024-05-21T19:30:17	71233	7.6	1069.64	93	 5909	/home/lytvyn/miniconda3/envs/fl_env/bin/flower-server-app
2024-05-21T19:30:18	71233	4.8	519.75	94	 5909	/home/lytvyn/miniconda3/envs/fl_env/bin/flower-superlink
2024-05-21T19:30:18	71330	68.5	1164.65	94	 5909	/home/lytvyn/miniconda3/envs/fl_env/bin/flower-client-app
2024-05-21T19:30:18	71376	68.7	1163.29	94	 5909	/home/lytvyn/miniconda3/envs/fl_env/bin/flower-client-app
2024-05-21T19:30:18	71410	68.4	1194.13	94	 5909	/home/lytvyn/miniconda3/envs/fl_env/bin/flower-client-app
2024-05-21T19:30:18	71233	7.5	1069.64	94	 5909	/home/lytvyn/miniconda3/envs/fl_env/bin/flower-server-app
2024-05-21T19:30:19	71233	4.8	519.75	93	 5909	/home/lytvyn/miniconda3/envs/fl_env/bin/flower-superlink
2024-05-21T19:30:19	71330	68.7	1164.65	93	 5909	/home/lytvyn/miniconda3/envs/fl_env/bin/flower-client-app
2024-05-21T19:30:19	71376	68.9	1163.29	93	 5909	/home/lytvyn/miniconda3/envs/fl_env/bin/flower-client-app
2024-05-21T19:30:19	71410	68.6	1194.13	93	 5909	/home/lytvyn/miniconda3/envs/fl_env/bin/flower-client-app
2024-05-21T19:30:19	71233	7.5	1069.64	93	 5909	/home/lytvyn/miniconda3/envs/fl_env/bin/flower-server-app
2024-05-21T19:30:20	71233	4.8	519.75	94	 5909	/home/lytvyn/miniconda3/envs/fl_env/bin/flower-superlink
2024-05-21T19:30:20	71330	68.9	1164.65	94	 5909	/home/lytvyn/miniconda3/envs/fl_env/bin/flower-client-app
2024-05-21T19:30:20	71376	69.1	1163.29	94	 5909	/home/lytvyn/miniconda3/envs/fl_env/bin/flower-client-app
2024-05-21T19:30:20	71410	68.9	1194.38	94	 5909	/home/lytvyn/miniconda3/envs/fl_env/bin/flower-client-app
2024-05-21T19:30:20	71233	7.4	1069.64	94	 5909	/home/lytvyn/miniconda3/envs/fl_env/bin/flower-server-app
2024-05-21T19:30:21	71233	4.7	519.75	94	 5909	/home/lytvyn/miniconda3/envs/fl_env/bin/flower-superlink
2024-05-21T19:30:21	71330	69.1	1164.65	94	 5909	/home/lytvyn/miniconda3/envs/fl_env/bin/flower-client-app
2024-05-21T19:30:21	71376	69.4	1163.29	94	 5909	/home/lytvyn/miniconda3/envs/fl_env/bin/flower-client-app
2024-05-21T19:30:21	71410	69.1	1194.38	94	 5909	/home/lytvyn/miniconda3/envs/fl_env/bin/flower-client-app
2024-05-21T19:30:21	71233	7.4	1069.64	94	 5909	/home/lytvyn/miniconda3/envs/fl_env/bin/flower-server-app
2024-05-21T19:30:22	71233	4.7	519.75	94	 5909	/home/lytvyn/miniconda3/envs/fl_env/bin/flower-superlink
2024-05-21T19:30:22	71330	69.3	1164.65	94	 5909	/home/lytvyn/miniconda3/envs/fl_env/bin/flower-client-app
2024-05-21T19:30:22	71376	69.6	1163.29	94	 5909	/home/lytvyn/miniconda3/envs/fl_env/bin/flower-client-app
2024-05-21T19:30:22	71410	69.3	1194.38	94	 5909	/home/lytvyn/miniconda3/envs/fl_env/bin/flower-client-app
2024-05-21T19:30:22	71233	7.3	1069.64	94	 5909	/home/lytvyn/miniconda3/envs/fl_env/bin/flower-server-app
2024-05-21T19:30:23	71233	4.7	519.75	93	 5909	/home/lytvyn/miniconda3/envs/fl_env/bin/flower-superlink
2024-05-21T19:30:23	71330	69.5	1164.65	93	 5909	/home/lytvyn/miniconda3/envs/fl_env/bin/flower-client-app
2024-05-21T19:30:23	71376	69.8	1163.29	93	 5909	/home/lytvyn/miniconda3/envs/fl_env/bin/flower-client-app
2024-05-21T19:30:23	71410	69.5	1194.38	93	 5909	/home/lytvyn/miniconda3/envs/fl_env/bin/flower-client-app
2024-05-21T19:30:23	71233	7.3	1069.64	93	 5909	/home/lytvyn/miniconda3/envs/fl_env/bin/flower-server-app
2024-05-21T19:30:24	71233	4.6	519.75	66	 5909	/home/lytvyn/miniconda3/envs/fl_env/bin/flower-superlink
2024-05-21T19:30:24	71330	69.8	1164.65	66	 5909	/home/lytvyn/miniconda3/envs/fl_env/bin/flower-client-app
2024-05-21T19:30:24	71376	69.9	1151.49	66	 5909	/home/lytvyn/miniconda3/envs/fl_env/bin/flower-client-app
2024-05-21T19:30:24	71410	69.1	1194.63	66	 5909	/home/lytvyn/miniconda3/envs/fl_env/bin/flower-client-app
2024-05-21T19:30:24	71233	7.3	1069.64	66	 5909	/home/lytvyn/miniconda3/envs/fl_env/bin/flower-server-app
2024-05-21T19:30:25	71233	4.6	519.75	0	 5909	/home/lytvyn/miniconda3/envs/fl_env/bin/flower-superlink
2024-05-21T19:30:25	71330	69.8	1152.73	0	 5909	/home/lytvyn/miniconda3/envs/fl_env/bin/flower-client-app
2024-05-21T19:30:25	71376	69.5	1151.49	0	 5909	/home/lytvyn/miniconda3/envs/fl_env/bin/flower-client-app
2024-05-21T19:30:25	71410	68.7	1194.63	0	 5909	/home/lytvyn/miniconda3/envs/fl_env/bin/flower-client-app
2024-05-21T19:30:25	71233	7.2	1069.64	0	 5909	/home/lytvyn/miniconda3/envs/fl_env/bin/flower-server-app
2024-05-21T19:30:26	71233	4.6	519.75	0	 5909	/home/lytvyn/miniconda3/envs/fl_env/bin/flower-superlink
2024-05-21T19:30:26	71330	69.4	1152.73	0	 5909	/home/lytvyn/miniconda3/envs/fl_env/bin/flower-client-app
2024-05-21T19:30:26	71376	69.1	1151.49	0	 5909	/home/lytvyn/miniconda3/envs/fl_env/bin/flower-client-app
2024-05-21T19:30:26	71410	68.4	1194.63	0	 5909	/home/lytvyn/miniconda3/envs/fl_env/bin/flower-client-app
2024-05-21T19:30:26	71233	7.2	1069.64	0	 5909	/home/lytvyn/miniconda3/envs/fl_env/bin/flower-server-app
2024-05-21T19:30:27	71233	4.6	519.75	0	 5909	/home/lytvyn/miniconda3/envs/fl_env/bin/flower-superlink
2024-05-21T19:30:27	71330	69.0	1152.73	0	 5909	/home/lytvyn/miniconda3/envs/fl_env/bin/flower-client-app
2024-05-21T19:30:27	71376	68.7	1151.49	0	 5909	/home/lytvyn/miniconda3/envs/fl_env/bin/flower-client-app
2024-05-21T19:30:27	71410	68.0	1194.63	0	 5909	/home/lytvyn/miniconda3/envs/fl_env/bin/flower-client-app
2024-05-21T19:30:27	71233	7.2	1069.89	0	 5909	/home/lytvyn/miniconda3/envs/fl_env/bin/flower-server-app
2024-05-21T19:30:28	71233	4.6	519.75	0	 5909	/home/lytvyn/miniconda3/envs/fl_env/bin/flower-superlink
2024-05-21T19:30:28	71330	68.8	1159.73	0	 5909	/home/lytvyn/miniconda3/envs/fl_env/bin/flower-client-app
2024-05-21T19:30:28	71376	68.4	1151.49	0	 5909	/home/lytvyn/miniconda3/envs/fl_env/bin/flower-client-app
2024-05-21T19:30:28	71410	67.6	1194.63	0	 5909	/home/lytvyn/miniconda3/envs/fl_env/bin/flower-client-app
2024-05-21T19:30:28	71233	7.3	1078.64	0	 5909	/home/lytvyn/miniconda3/envs/fl_env/bin/flower-server-app
2024-05-21T19:30:29	71233	4.5	519.75	0	 5909	/home/lytvyn/miniconda3/envs/fl_env/bin/flower-superlink
2024-05-21T19:30:29	71330	68.4	1159.73	0	 5909	/home/lytvyn/miniconda3/envs/fl_env/bin/flower-client-app
2024-05-21T19:30:29	71376	68.0	1151.49	0	 5909	/home/lytvyn/miniconda3/envs/fl_env/bin/flower-client-app
2024-05-21T19:30:29	71410	67.3	1179.99	0	 5909	/home/lytvyn/miniconda3/envs/fl_env/bin/flower-client-app
2024-05-21T19:30:29	71233	7.3	1078.64	0	 5909	/home/lytvyn/miniconda3/envs/fl_env/bin/flower-server-app
2024-05-21T19:30:30	71233	4.5	519.75	0	 5909	/home/lytvyn/miniconda3/envs/fl_env/bin/flower-superlink
2024-05-21T19:30:30	71330	68.0	1159.73	0	 5909	/home/lytvyn/miniconda3/envs/fl_env/bin/flower-client-app
2024-05-21T19:30:30	71376	67.8	1158.49	0	 5909	/home/lytvyn/miniconda3/envs/fl_env/bin/flower-client-app
2024-05-21T19:30:30	71410	67.0	1187.24	0	 5909	/home/lytvyn/miniconda3/envs/fl_env/bin/flower-client-app
2024-05-21T19:30:30	71233	7.3	1078.64	0	 5909	/home/lytvyn/miniconda3/envs/fl_env/bin/flower-server-app
2024-05-21T19:30:31	71233	4.5	519.75	0	 5909	/home/lytvyn/miniconda3/envs/fl_env/bin/flower-superlink
2024-05-21T19:30:31	71330	67.9	1160.12	0	 5909	/home/lytvyn/miniconda3/envs/fl_env/bin/flower-client-app
2024-05-21T19:30:31	71376	67.4	1158.49	0	 5909	/home/lytvyn/miniconda3/envs/fl_env/bin/flower-client-app
2024-05-21T19:30:31	71410	66.6	1187.24	0	 5909	/home/lytvyn/miniconda3/envs/fl_env/bin/flower-client-app
2024-05-21T19:30:31	71233	7.2	1078.64	0	 5909	/home/lytvyn/miniconda3/envs/fl_env/bin/flower-server-app
2024-05-21T19:30:32	71233	4.5	519.75	0	 5909	/home/lytvyn/miniconda3/envs/fl_env/bin/flower-superlink
2024-05-21T19:30:32	71330	68.1	1199.36	0	 5909	/home/lytvyn/miniconda3/envs/fl_env/bin/flower-client-app
2024-05-21T19:30:32	71376	67.0	1158.49	0	 5909	/home/lytvyn/miniconda3/envs/fl_env/bin/flower-client-app
2024-05-21T19:30:32	71410	66.3	1187.24	0	 5909	/home/lytvyn/miniconda3/envs/fl_env/bin/flower-client-app
2024-05-21T19:30:32	71233	7.2	1078.64	0	 5909	/home/lytvyn/miniconda3/envs/fl_env/bin/flower-server-app
2024-05-21T19:30:33	71233	4.5	519.75	62	 5909	/home/lytvyn/miniconda3/envs/fl_env/bin/flower-superlink
2024-05-21T19:30:33	71330	68.4	1199.36	62	 5909	/home/lytvyn/miniconda3/envs/fl_env/bin/flower-client-app
2024-05-21T19:30:33	71376	66.7	1154.92	62	 5909	/home/lytvyn/miniconda3/envs/fl_env/bin/flower-client-app
2024-05-21T19:30:33	71410	66.4	1203.15	62	 5909	/home/lytvyn/miniconda3/envs/fl_env/bin/flower-client-app
2024-05-21T19:30:33	71233	7.1	1078.64	62	 5909	/home/lytvyn/miniconda3/envs/fl_env/bin/flower-server-app
2024-05-21T19:30:34	71233	4.4	519.75	93	 5909	/home/lytvyn/miniconda3/envs/fl_env/bin/flower-superlink
2024-05-21T19:30:34	71330	68.7	1199.36	93	 5909	/home/lytvyn/miniconda3/envs/fl_env/bin/flower-client-app
2024-05-21T19:30:34	71376	66.9	1195.23	93	 5909	/home/lytvyn/miniconda3/envs/fl_env/bin/flower-client-app
2024-05-21T19:30:34	71410	66.6	1232.9	93	 5909	/home/lytvyn/miniconda3/envs/fl_env/bin/flower-client-app
2024-05-21T19:30:34	71233	7.1	1078.64	93	 5909	/home/lytvyn/miniconda3/envs/fl_env/bin/flower-server-app
2024-05-21T19:30:35	71233	4.4	519.75	93	 5909	/home/lytvyn/miniconda3/envs/fl_env/bin/flower-superlink
2024-05-21T19:30:35	71330	68.9	1199.36	93	 5909	/home/lytvyn/miniconda3/envs/fl_env/bin/flower-client-app
2024-05-21T19:30:35	71376	67.1	1199.23	93	 5909	/home/lytvyn/miniconda3/envs/fl_env/bin/flower-client-app
2024-05-21T19:30:35	71410	66.8	1232.9	93	 5909	/home/lytvyn/miniconda3/envs/fl_env/bin/flower-client-app
2024-05-21T19:30:35	71233	7.1	1078.64	93	 5909	/home/lytvyn/miniconda3/envs/fl_env/bin/flower-server-app
2024-05-21T19:30:36	71233	4.4	519.75	94	 5909	/home/lytvyn/miniconda3/envs/fl_env/bin/flower-superlink
2024-05-21T19:30:36	71330	69.0	1199.36	94	 5909	/home/lytvyn/miniconda3/envs/fl_env/bin/flower-client-app
2024-05-21T19:30:36	71376	67.3	1199.48	94	 5909	/home/lytvyn/miniconda3/envs/fl_env/bin/flower-client-app
2024-05-21T19:30:36	71410	67.0	1232.9	94	 5909	/home/lytvyn/miniconda3/envs/fl_env/bin/flower-client-app
2024-05-21T19:30:36	71233	7.0	1078.64	94	 5909	/home/lytvyn/miniconda3/envs/fl_env/bin/flower-server-app
2024-05-21T19:30:37	71233	4.4	519.75	93	 5909	/home/lytvyn/miniconda3/envs/fl_env/bin/flower-superlink
2024-05-21T19:30:37	71330	69.2	1199.61	93	 5909	/home/lytvyn/miniconda3/envs/fl_env/bin/flower-client-app
2024-05-21T19:30:37	71376	67.5	1199.48	93	 5909	/home/lytvyn/miniconda3/envs/fl_env/bin/flower-client-app
2024-05-21T19:30:37	71410	67.2	1232.9	93	 5909	/home/lytvyn/miniconda3/envs/fl_env/bin/flower-client-app
2024-05-21T19:30:37	71233	7.0	1078.64	93	 5909	/home/lytvyn/miniconda3/envs/fl_env/bin/flower-server-app
2024-05-21T19:30:38	71233	4.3	519.75	93	 5909	/home/lytvyn/miniconda3/envs/fl_env/bin/flower-superlink
2024-05-21T19:30:38	71330	69.4	1199.61	93	 5909	/home/lytvyn/miniconda3/envs/fl_env/bin/flower-client-app
2024-05-21T19:30:38	71376	67.7	1199.48	93	 5909	/home/lytvyn/miniconda3/envs/fl_env/bin/flower-client-app
2024-05-21T19:30:38	71410	67.4	1233.15	93	 5909	/home/lytvyn/miniconda3/envs/fl_env/bin/flower-client-app
2024-05-21T19:30:38	71233	7.0	1078.64	93	 5909	/home/lytvyn/miniconda3/envs/fl_env/bin/flower-server-app
2024-05-21T19:30:39	71233	4.3	519.75	94	 5909	/home/lytvyn/miniconda3/envs/fl_env/bin/flower-superlink
2024-05-21T19:30:39	71330	69.6	1199.61	94	 5909	/home/lytvyn/miniconda3/envs/fl_env/bin/flower-client-app
2024-05-21T19:30:39	71376	68.0	1199.73	94	 5909	/home/lytvyn/miniconda3/envs/fl_env/bin/flower-client-app
2024-05-21T19:30:39	71410	67.7	1233.15	94	 5909	/home/lytvyn/miniconda3/envs/fl_env/bin/flower-client-app
2024-05-21T19:30:39	71233	6.9	1078.64	94	 5909	/home/lytvyn/miniconda3/envs/fl_env/bin/flower-server-app
2024-05-21T19:30:40	71233	4.3	519.75	91	 5909	/home/lytvyn/miniconda3/envs/fl_env/bin/flower-superlink
2024-05-21T19:30:40	71330	69.7	1200.11	91	 5909	/home/lytvyn/miniconda3/envs/fl_env/bin/flower-client-app
2024-05-21T19:30:40	71376	68.1	1199.73	91	 5909	/home/lytvyn/miniconda3/envs/fl_env/bin/flower-client-app
2024-05-21T19:30:40	71410	67.8	1233.15	91	 5909	/home/lytvyn/miniconda3/envs/fl_env/bin/flower-client-app
2024-05-21T19:30:40	71233	6.9	1078.64	91	 5909	/home/lytvyn/miniconda3/envs/fl_env/bin/flower-server-app
2024-05-21T19:30:42	71233	4.3	519.75	87	 5909	/home/lytvyn/miniconda3/envs/fl_env/bin/flower-superlink
2024-05-21T19:30:42	71330	69.3	1200.11	87	 5909	/home/lytvyn/miniconda3/envs/fl_env/bin/flower-client-app
2024-05-21T19:30:42	71376	68.4	1199.73	87	 5909	/home/lytvyn/miniconda3/envs/fl_env/bin/flower-client-app
2024-05-21T19:30:42	71410	68.1	1233.15	87	 5909	/home/lytvyn/miniconda3/envs/fl_env/bin/flower-client-app
2024-05-21T19:30:42	71233	6.8	1078.64	87	 5909	/home/lytvyn/miniconda3/envs/fl_env/bin/flower-server-app
2024-05-21T19:30:43	71233	4.3	519.75	85	 5909	/home/lytvyn/miniconda3/envs/fl_env/bin/flower-superlink
2024-05-21T19:30:43	71330	69.0	1200.11	85	 5909	/home/lytvyn/miniconda3/envs/fl_env/bin/flower-client-app
2024-05-21T19:30:43	71376	68.7	1199.73	85	 5909	/home/lytvyn/miniconda3/envs/fl_env/bin/flower-client-app
2024-05-21T19:30:43	71410	68.4	1233.15	85	 5909	/home/lytvyn/miniconda3/envs/fl_env/bin/flower-client-app
2024-05-21T19:30:43	71233	6.8	1078.64	85	 5909	/home/lytvyn/miniconda3/envs/fl_env/bin/flower-server-app
2024-05-21T19:30:44	71233	4.2	519.75	49	 5909	/home/lytvyn/miniconda3/envs/fl_env/bin/flower-superlink
2024-05-21T19:30:44	71330	68.6	1200.11	49	 5909	/home/lytvyn/miniconda3/envs/fl_env/bin/flower-client-app
2024-05-21T19:30:44	71376	69.0	1199.73	49	 5909	/home/lytvyn/miniconda3/envs/fl_env/bin/flower-client-app
2024-05-21T19:30:44	71410	68.5	1233.15	49	 5909	/home/lytvyn/miniconda3/envs/fl_env/bin/flower-client-app
2024-05-21T19:30:44	71233	6.8	1078.64	49	 5909	/home/lytvyn/miniconda3/envs/fl_env/bin/flower-server-app
2024-05-21T19:30:45	71233	4.2	519.75	0	 5909	/home/lytvyn/miniconda3/envs/fl_env/bin/flower-superlink
2024-05-21T19:30:45	71330	68.2	1200.11	0	 5909	/home/lytvyn/miniconda3/envs/fl_env/bin/flower-client-app
2024-05-21T19:30:45	71376	68.8	1199.98	0	 5909	/home/lytvyn/miniconda3/envs/fl_env/bin/flower-client-app
2024-05-21T19:30:45	71410	68.1	1233.15	0	 5909	/home/lytvyn/miniconda3/envs/fl_env/bin/flower-client-app
2024-05-21T19:30:45	71233	6.7	1078.64	0	 5909	/home/lytvyn/miniconda3/envs/fl_env/bin/flower-server-app
2024-05-21T19:30:46	71233	4.2	519.75	0	 5909	/home/lytvyn/miniconda3/envs/fl_env/bin/flower-superlink
2024-05-21T19:30:46	71330	67.5	1200.11	0	 5909	/home/lytvyn/miniconda3/envs/fl_env/bin/flower-client-app
2024-05-21T19:30:46	71376	68.1	1199.98	0	 5909	/home/lytvyn/miniconda3/envs/fl_env/bin/flower-client-app
2024-05-21T19:30:46	71410	67.4	1233.15	0	 5909	/home/lytvyn/miniconda3/envs/fl_env/bin/flower-client-app
2024-05-21T19:30:46	71233	6.8	1075.15	0	 5909	/home/lytvyn/miniconda3/envs/fl_env/bin/flower-server-app
2024-05-21T19:30:47	71233	4.2	519.75	3	 5909	/home/lytvyn/miniconda3/envs/fl_env/bin/flower-superlink
2024-05-21T19:30:47	71330	67.4	1193.45	3	 5909	/home/lytvyn/miniconda3/envs/fl_env/bin/flower-client-app
2024-05-21T19:30:47	71376	67.7	1199.98	3	 5909	/home/lytvyn/miniconda3/envs/fl_env/bin/flower-client-app
2024-05-21T19:30:47	71410	67.3	1229.21	3	 5909	/home/lytvyn/miniconda3/envs/fl_env/bin/flower-client-app
2024-05-21T19:30:47	71233	6.9	1087.4	3	 5909	/home/lytvyn/miniconda3/envs/fl_env/bin/flower-server-app
2024-05-21T19:30:48	71233	4.1	519.75	0	 5909	/home/lytvyn/miniconda3/envs/fl_env/bin/flower-superlink
2024-05-21T19:30:48	71330	67.0	1193.45	0	 5909	/home/lytvyn/miniconda3/envs/fl_env/bin/flower-client-app
2024-05-21T19:30:48	71376	67.6	1193.32	0	 5909	/home/lytvyn/miniconda3/envs/fl_env/bin/flower-client-app
2024-05-21T19:30:48	71410	66.9	1229.21	0	 5909	/home/lytvyn/miniconda3/envs/fl_env/bin/flower-client-app
2024-05-21T19:30:48	71233	6.9	1087.4	0	 5909	/home/lytvyn/miniconda3/envs/fl_env/bin/flower-server-app
2024-05-21T19:30:49	71233	4.1	519.75	0	 5909	/home/lytvyn/miniconda3/envs/fl_env/bin/flower-superlink
2024-05-21T19:30:49	71330	66.7	1193.45	0	 5909	/home/lytvyn/miniconda3/envs/fl_env/bin/flower-client-app
2024-05-21T19:30:49	71376	67.2	1193.32	0	 5909	/home/lytvyn/miniconda3/envs/fl_env/bin/flower-client-app
2024-05-21T19:30:49	71410	66.6	1229.21	0	 5909	/home/lytvyn/miniconda3/envs/fl_env/bin/flower-client-app
2024-05-21T19:30:49	71233	6.8	1087.4	0	 5909	/home/lytvyn/miniconda3/envs/fl_env/bin/flower-server-app
